,mae,mse,rmse,mape,mspe,batchSize,learningRate,eLayers,dLayers,seqLen
0,1.4525694847106934,2.2084901332855225,1.4860990047454834,39.90771865844727,21077.09375,16.0,0.1,2.0,2.0,64.0
1,0.3149145841598511,0.1532855182886123,0.3915169537067413,2.029747009277344,34.95855712890625,16.0,0.1,2.0,2.0,128.0
2,0.2161384224891662,0.067089706659317,0.2590168118476867,6.97592306137085,711.2366943359375,16.0,0.1,2.0,2.0,512.0
3,1.547868728637695,2.462172746658325,1.5691312551498413,41.32798767089844,22454.169921875,16.0,0.1,2.0,2.0,1024.0
4,1.2514281272888184,1.8944013118743896,1.3763725757598877,39.63916778564453,21505.044921875,16.0,0.1,2.0,4.0,64.0
5,1.0546746253967283,1.1800659894943235,1.086308479309082,30.724464416503903,12627.2763671875,16.0,0.1,2.0,4.0,128.0
6,0.2161715030670166,0.0670209527015686,0.2588840425014496,7.001489639282227,716.5147094726562,16.0,0.1,2.0,4.0,512.0
7,1.441248655319214,2.143477439880371,1.464061975479126,38.98019027709961,20026.8828125,16.0,0.1,2.0,4.0,1024.0
8,0.2492778003215789,0.1028912588953971,0.3207666873931885,3.813855886459351,194.64276123046875,16.0,0.1,2.0,6.0,64.0
9,0.4632101058959961,0.2940376400947571,0.5422523617744446,4.535223007202148,190.88821411132807,16.0,0.1,2.0,6.0,128.0
10,0.2688662111759186,0.0941133052110672,0.3067789077758789,11.049434661865234,1758.18896484375,16.0,0.1,2.0,6.0,512.0
11,1.3357208967208862,1.850432515144348,1.3603060245513916,36.65608596801758,17760.751953125,16.0,0.1,2.0,6.0,1024.0
12,1.4263814687728882,2.10027813911438,1.4492336511611938,38.63138198852539,19676.623046875,16.0,0.1,2.0,8.0,64.0
13,0.8203558921813965,0.7392913103103638,0.8598204851150513,10.82119369506836,1240.2232666015625,16.0,0.1,2.0,8.0,128.0
14,0.6613889932632446,0.5037043690681458,0.7097213268280029,21.804933547973636,6491.986328125,16.0,0.1,2.0,8.0,512.0
15,1.1019991636276243,1.2806764841079712,1.1316697597503662,31.50854110717773,13225.9189453125,16.0,0.1,2.0,8.0,1024.0
16,0.8495405912399292,0.7879826426506042,0.8876838684082031,25.94713592529297,9076.298828125,16.0,0.1,2.0,10.0,64.0
17,0.2177308052778244,0.066299207508564,0.2574863135814667,7.635610580444336,852.980712890625,16.0,0.1,2.0,10.0,128.0
18,0.4999850690364837,0.3153612315654754,0.5615703463554382,18.231483459472656,4609.07666015625,16.0,0.1,2.0,10.0,512.0
19,1.148157238960266,1.3845407962799072,1.1766650676727295,32.52503204345703,14068.5322265625,16.0,0.1,2.0,10.0,1024.0
20,0.2621595561504364,0.0892726182937622,0.2987852394580841,10.726665496826172,1660.02099609375,16.0,0.1,4.0,2.0,64.0
21,0.8033198118209839,0.8082236051559448,0.899012565612793,7.811876773834228,517.765869140625,16.0,0.1,4.0,2.0,128.0
22,0.7151556015014648,0.5777089595794678,0.7600716948509216,22.98923110961914,7186.9208984375,16.0,0.1,4.0,2.0,512.0
23,1.3873237371444702,1.990942478179932,1.4110076427459717,37.79228591918945,18851.587890625,16.0,0.1,4.0,2.0,1024.0
24,0.2307446748018264,0.071140244603157,0.2667212784290313,8.988052368164062,1177.1375732421875,16.0,0.1,4.0,4.0,64.0
25,0.3227972388267517,0.1602367311716079,0.4002957940101623,1.8352446556091309,25.24388694763184,16.0,0.1,4.0,4.0,128.0
26,0.9154457449913024,0.9043047428131104,0.9509493708610536,27.400718688964844,10086.0185546875,16.0,0.1,4.0,4.0,512.0
27,1.3333594799041748,1.8441230058670044,1.3579849004745483,36.60383605957031,17711.353515625,16.0,0.1,4.0,4.0,1024.0
28,0.4756666719913482,0.2905481159687042,0.5390251278877258,17.665191650390625,4335.55126953125,16.0,0.1,4.0,6.0,64.0
29,0.6047508120536804,0.4319964647293091,0.6572643518447876,20.557445526123047,5798.2578125,16.0,0.1,4.0,6.0,128.0
30,1.129179835319519,1.3413219451904297,1.1581544876098633,32.10715103149414,13718.990234375,16.0,0.1,4.0,6.0,512.0
31,1.3397541046142578,1.861216425895691,1.3642640113830566,36.74465560913086,17844.6015625,16.0,0.1,4.0,6.0,1024.0
32,0.2189354598522186,0.0663683712482452,0.2576206028461456,7.891893863677978,910.5385131835938,16.0,0.1,4.0,8.0,64.0
33,0.2172828912734985,0.0674278959631919,0.2596688270568847,7.040399551391602,723.6681518554688,16.0,0.1,4.0,8.0,128.0
34,0.488764613866806,0.3163892924785614,0.5624849200248718,18.343406677246094,4676.01708984375,16.0,0.1,4.0,8.0,512.0
35,0.983642876148224,1.033828616142273,1.0167735815048218,28.901987075805664,11184.1396484375,16.0,0.1,4.0,8.0,1024.0
36,0.2371451258659362,0.0742703452706337,0.2725258469581604,9.409836769104004,1287.4564208984375,16.0,0.1,4.0,10.0,64.0
37,1.3659381866455078,1.932057499885559,1.3899847269058228,37.32151794433594,18395.75,16.0,0.1,4.0,10.0,128.0
38,1.2507652044296265,1.6306766271591189,1.2769794464111328,34.78532791137695,16035.564453125,16.0,0.1,4.0,10.0,512.0
39,1.1839234828948977,1.4679503440856934,1.211590051651001,33.312782287597656,14739.44921875,16.0,0.1,4.0,10.0,1024.0
40,0.2178438454866409,0.0663045942783355,0.2574967741966247,7.665201187133789,859.612060546875,16.0,0.1,6.0,2.0,64.0
41,0.2182475328445434,0.066367782652378,0.2576194405555725,7.751152992248535,878.9814453125,16.0,0.1,6.0,2.0,128.0
42,0.2355006039142608,0.0734504982829094,0.2710175216197967,9.31220245361328,1261.6192626953125,16.0,0.1,6.0,2.0,512.0
43,1.2074410915374756,1.5241894721984863,1.234580636024475,33.830718994140625,15189.0693359375,16.0,0.1,6.0,2.0,1024.0
44,0.2505186796188354,0.0821683704853057,0.2866502702236175,10.217668533325195,1512.597412109375,16.0,0.1,6.0,4.0,64.0
45,0.2209526449441909,0.0671867206692695,0.2592040002346039,8.173661231994629,976.8822631835938,16.0,0.1,6.0,4.0,128.0
46,1.3502944707870483,1.889570236206055,1.3746163845062256,36.976783752441406,18065.33203125,16.0,0.1,6.0,4.0,512.0
47,1.40678608417511,2.04532241821289,1.430147647857666,38.22091293334961,19271.5546875,16.0,0.1,6.0,4.0,1024.0
48,0.3026380538940429,0.1438081264495849,0.3792204260826111,2.0877504348754883,39.7554817199707,16.0,0.1,6.0,6.0,64.0
49,0.3894550800323486,0.2116623520851135,0.4600677788257599,1.9858428239822388,14.796175003051758,16.0,0.1,6.0,6.0,128.0
50,0.2614447772502899,0.0887796953320503,0.2979592084884643,10.69196891784668,1649.6329345703125,16.0,0.1,6.0,6.0,512.0
51,1.0992085933685305,1.2745349407196045,1.128952980041504,31.44710350036621,13175.830078125,16.0,0.1,6.0,6.0,1024.0
52,0.26634681224823,0.0922510176897049,0.3037285208702087,10.92883586883545,1721.187744140625,16.0,0.1,6.0,8.0,64.0
53,0.8596971035003662,0.8053551316261292,0.897415816783905,26.17231559753418,9229.3193359375,16.0,0.1,6.0,8.0,128.0
54,0.8630307912826538,0.8110976815223694,0.9006096124649048,26.24573516845703,9279.4453125,16.0,0.1,6.0,8.0,512.0
55,1.414706468582153,2.0676698684692383,1.4379394054412842,38.39535903930664,19443.798828125,16.0,0.1,6.0,8.0,1024.0
56,1.0321860313415527,1.1316837072372437,1.063806176185608,29.971059799194336,12000.8759765625,16.0,0.1,6.0,10.0,64.0
57,0.4845335781574249,0.3010627925395965,0.5486918687820435,3.427079439163208,81.37476348876953,16.0,0.1,6.0,10.0,128.0
58,0.6528677940368652,0.4925117492675781,0.7017918229103088,21.617298126220703,6385.13037109375,16.0,0.1,6.0,10.0,512.0
59,1.3472014665603638,1.8812270164489744,1.371578335762024,36.90867233276367,18000.4296875,16.0,0.1,6.0,10.0,1024.0
60,0.9381080269813538,0.9463651180267334,0.9728130102157592,27.867286682128903,10419.51953125,16.0,0.01,2.0,2.0,64.0
61,0.7576934099197388,0.6403003334999084,0.8001877069473267,23.96692276000977,7792.7353515625,16.0,0.01,2.0,2.0,128.0
62,0.3242509961128235,0.1460501700639724,0.3821651041507721,13.51027774810791,2596.5810546875,16.0,0.01,2.0,2.0,512.0
63,1.17866051197052,1.4555150270462036,1.2064472436904907,33.196773529052734,14639.64453125,16.0,0.01,2.0,2.0,1024.0
64,1.411868691444397,2.1719970703125,1.4737696647644043,41.47639846801758,23159.431640625,16.0,0.01,2.0,4.0,64.0
65,1.1895397901535034,1.4809871912002563,1.2169581651687622,33.52007293701172,14998.6826171875,16.0,0.01,2.0,4.0,128.0
66,1.6516779661178589,2.792464017868042,1.6710667610168457,43.868595123291016,25367.30859375,16.0,0.01,2.0,4.0,512.0
67,0.9810456037521362,1.0287314653396606,1.0142639875411987,28.844465255737305,11140.98046875,16.0,0.01,2.0,4.0,1024.0
68,1.235204815864563,1.748964548110962,1.322484254837036,35.88211441040039,17142.33984375,16.0,0.01,2.0,6.0,64.0
69,1.3637455701828003,1.9248384237289429,1.3873854875564575,37.416046142578125,18529.8046875,16.0,0.01,2.0,6.0,128.0
70,1.3362822532653809,1.8518085479736328,1.360811710357666,36.66707992553711,17771.140625,16.0,0.01,2.0,6.0,512.0
71,1.1162739992141724,1.3123431205749512,1.1455754041671753,31.82293701171875,13483.763671875,16.0,0.01,2.0,6.0,1024.0
72,1.3506808280944824,1.890614032745361,1.3749960660934448,36.98507308959961,18073.2109375,16.0,0.01,2.0,8.0,64.0
73,0.8510794639587402,0.9654824733734132,0.9825896620750428,7.581506729125977,452.1040954589844,16.0,0.01,2.0,8.0,128.0
74,1.3879092931747437,1.992139220237732,1.4114316701889038,37.781837463378906,18837.83203125,16.0,0.01,2.0,8.0,512.0
75,1.3030798435211182,1.7642923593521118,1.3282666206359863,35.93697738647461,17087.12109375,16.0,0.01,2.0,8.0,1024.0
76,1.129279851913452,1.4543012380599976,1.2059441804885864,35.05236053466797,16787.0,16.0,0.01,2.0,10.0,64.0
77,1.3586187362670898,1.9108257293701167,1.3823262453079224,37.44234085083008,18576.5390625,16.0,0.01,2.0,10.0,128.0
78,0.3704982697963714,0.1899047195911407,0.4357805848121643,15.00795841217041,3178.59814453125,16.0,0.01,2.0,10.0,512.0
79,1.5607678890228271,2.502272605895996,1.5818573236465454,41.6120491027832,22757.265625,16.0,0.01,2.0,10.0,1024.0
80,0.7956953048706055,0.6982079148292542,0.8355883359909058,10.90523910522461,1245.6170654296875,16.0,0.01,4.0,2.0,64.0
81,0.8044157028198242,0.8230127096176147,0.9072004556655884,6.812349319458008,334.2201843261719,16.0,0.01,4.0,2.0,128.0
82,1.2303738594055176,1.5801502466201782,1.25704026222229,34.33579635620117,15634.2080078125,16.0,0.01,4.0,2.0,512.0
83,1.352316975593567,1.895036458969116,1.3766032457351685,37.02132034301758,18107.8515625,16.0,0.01,4.0,2.0,1024.0
84,0.2378176599740982,0.0752178728580474,0.2742587625980377,9.6314697265625,1350.6092529296875,16.0,0.01,4.0,4.0,64.0
85,0.3822985291481018,0.2008037567138672,0.4481113255023956,15.33505916595459,3312.24951171875,16.0,0.01,4.0,4.0,128.0
86,0.5764119625091553,0.3984968960285187,0.6312661170959473,19.932937622070312,5465.71044921875,16.0,0.01,4.0,4.0,512.0
87,1.3470507860183716,1.8808225393295288,1.3714308738708496,36.90534973144531,17997.2578125,16.0,0.01,4.0,4.0,1024.0
88,0.8878957033157349,0.8792221546173096,0.9376684427261353,11.229815483093262,1271.4697265625,16.0,0.01,4.0,6.0,64.0
89,0.2466154396533966,0.1008077710866928,0.3175024092197418,3.913735628128052,206.72686767578125,16.0,0.01,4.0,6.0,128.0
90,1.3762599229812622,1.9604134559631348,1.4001476764678955,37.54872131347656,18615.345703125,16.0,0.01,4.0,6.0,512.0
91,1.4524531364440918,2.175896167755127,1.4750919342041016,39.22663879394531,20275.119140625,16.0,0.01,4.0,6.0,1024.0
92,0.7477802038192749,0.6251689195632935,0.7906762361526489,23.137805938720703,7251.021484375,16.0,0.01,4.0,8.0,64.0
93,1.292006015777588,1.750853180885315,1.3231980800628662,35.412376403808594,17171.43359375,16.0,0.01,4.0,8.0,128.0
94,1.4414446353912354,2.144270658493042,1.4643328189849854,38.98419189453125,20031.802734375,16.0,0.01,4.0,8.0,512.0
95,1.2388874292373655,1.6011170148849487,1.265352487564087,34.52324676513672,15800.81640625,16.0,0.01,4.0,8.0,1024.0
96,0.9679858088493348,1.0009835958480835,1.0004916191101074,14.38900375366211,2271.1455078125,16.0,0.01,4.0,10.0,64.0
97,1.217451572418213,1.5517653226852417,1.2456986904144287,19.724063873291016,4392.0927734375,16.0,0.01,4.0,10.0,128.0
98,1.0595955848693848,1.189294457435608,1.090547800064087,30.58110237121582,12479.3251953125,16.0,0.01,4.0,10.0,512.0
99,1.1058787107467651,1.28924298286438,1.135448336601257,31.593997955322266,13295.7626953125,16.0,0.01,4.0,10.0,1024.0
100,0.9425331950187684,1.003016710281372,1.0015071630477903,13.26693058013916,2410.0322265625,16.0,0.01,6.0,2.0,64.0
101,0.2771792709827423,0.1006769016385078,0.3172962367534637,11.445146560668944,1882.3309326171875,16.0,0.01,6.0,2.0,128.0
102,0.9295895099639891,0.9304115772247314,0.9645784497261048,27.711572647094727,10308.572265625,16.0,0.01,6.0,2.0,512.0
103,1.2193973064422607,1.5532078742980957,1.2462775707244873,34.094093322753906,15420.29296875,16.0,0.01,6.0,2.0,1024.0
104,1.1083436012268066,1.3027911186218262,1.141398787498474,32.0467414855957,13755.51171875,16.0,0.01,6.0,4.0,64.0
105,0.2171918600797653,0.0721777603030204,0.2686592042446136,6.00531530380249,524.3067626953125,16.0,0.01,6.0,4.0,128.0
106,0.3224242627620697,0.1442494690418243,0.379801869392395,13.44314193725586,2571.766845703125,16.0,0.01,6.0,4.0,512.0
107,1.4284836053848269,2.1068410873413086,1.451496124267578,38.698760986328125,19745.1953125,16.0,0.01,6.0,4.0,1024.0
108,0.3498104214668274,0.1718204319477081,0.4145122766494751,14.22620677947998,2865.4755859375,16.0,0.01,6.0,6.0,64.0
109,0.7316139340400696,0.6016491651535034,0.7756604552268982,23.34513664245605,7402.42724609375,16.0,0.01,6.0,6.0,128.0
110,0.2210637480020523,0.0672272518277168,0.2592821717262268,8.187349319458008,980.1231689453124,16.0,0.01,6.0,6.0,512.0
111,1.473473072052002,2.237396478652954,1.4957929849624634,39.68959045410156,20745.693359375,16.0,0.01,6.0,6.0,1024.0
112,1.4488071203231812,2.165318727493286,1.4715021848678589,39.1463623046875,20194.078125,16.0,0.01,6.0,8.0,64.0
113,0.2425565719604492,0.0771413594484329,0.2777433395385742,9.722174644470217,1371.86572265625,16.0,0.01,6.0,8.0,128.0
114,0.9921214580535888,1.0505948066711426,1.0249853134155271,29.08892059326172,11325.0966796875,16.0,0.01,6.0,8.0,512.0
115,1.0951770544052124,1.2656880617141724,1.1250280141830444,31.35831451416016,13103.6025390625,16.0,0.01,6.0,8.0,1024.0
116,1.235893726348877,1.5982064008712769,1.2642018795013428,34.61506271362305,15907.47265625,16.0,0.01,6.0,10.0,64.0
117,1.023371934890747,1.165252685546875,1.0794687271118164,32.29652404785156,14438.3662109375,16.0,0.01,6.0,10.0,128.0
118,0.2285288423299789,0.0702063888311386,0.2649648785591125,8.849142074584961,1142.0555419921875,16.0,0.01,6.0,10.0,512.0
119,1.0589314699172974,1.187611103057861,1.0897756814956665,30.560081481933597,12463.171875,16.0,0.01,6.0,10.0,1024.0
120,1.406329870223999,2.045783758163452,1.4303089380264282,38.2275505065918,19284.912109375,16.0,0.001,2.0,2.0,64.0
121,0.8810160160064697,0.9825297594070436,0.9912263751029968,21.31186866760254,5709.41455078125,16.0,0.001,2.0,2.0,128.0
122,1.4516866207122805,2.1745758056640625,1.4746443033218384,39.22785568237305,20279.9921875,16.0,0.001,2.0,2.0,512.0
123,1.3142024278640747,1.7959243059158323,1.3401210308074951,36.09283447265625,17254.51171875,16.0,0.001,2.0,2.0,1024.0
124,1.6124064922332764,2.665745258331299,1.6327110528945925,42.70504379272461,23943.91015625,16.0,0.001,2.0,4.0,64.0
125,1.4724057912826538,2.234206199645996,1.4947261810302734,38.76563262939453,19624.91796875,16.0,0.001,2.0,4.0,128.0
126,1.2610136270523071,1.6589082479476929,1.287986159324646,35.008426666259766,16213.00390625,16.0,0.001,2.0,4.0,512.0
127,1.2984002828598022,1.7588071823120115,1.326200246810913,35.72042465209961,16862.533203125,16.0,0.001,2.0,4.0,1024.0
128,1.1287068128585815,1.4884026050567627,1.2200011014938354,35.05022430419922,16788.8671875,16.0,0.001,2.0,6.0,64.0
129,1.365155577659607,1.9306015968322756,1.3894609212875366,37.00067138671875,18021.56640625,16.0,0.001,2.0,6.0,128.0
130,1.43225359916687,2.1190106868743896,1.4556821584701538,38.78523254394531,19828.875,16.0,0.001,2.0,6.0,512.0
131,1.4108290672302246,2.060266494750977,1.4353628158569336,38.30210876464844,19362.041015625,16.0,0.001,2.0,6.0,1024.0
132,1.0032625198364258,1.0825532674789429,1.0404582023620603,14.339743614196776,2211.505859375,16.0,0.001,2.0,8.0,64.0
133,1.2517194747924805,1.9290663003921509,1.3889082670211792,40.63795471191406,24020.775390625,16.0,0.001,2.0,8.0,128.0
134,1.5181326866149902,2.372506618499756,1.5402942895889282,40.66493225097656,21768.0703125,16.0,0.001,2.0,8.0,512.0
135,1.4639487266540527,2.216233968734741,1.4887020587921145,39.52528381347656,20630.646484375,16.0,0.001,2.0,8.0,1024.0
136,1.3224471807479858,1.935252666473389,1.3911335468292236,39.1119270324707,20626.6171875,16.0,0.001,2.0,10.0,64.0
137,1.3722985982894895,1.958983778953552,1.39963698387146,36.093692779541016,16975.84765625,16.0,0.001,2.0,10.0,128.0
138,1.3400737047195437,1.863556742668152,1.3651214838027954,36.72208404541016,17811.740234375,16.0,0.001,2.0,10.0,512.0
139,1.297500729560852,1.7541581392288208,1.3244463205337524,35.89126968383789,17113.09375,16.0,0.001,2.0,10.0,1024.0
140,1.2198331356048584,1.5995985269546509,1.2647523880004885,34.15312576293945,15745.9287109375,16.0,0.001,4.0,2.0,64.0
141,1.1858742237091064,1.5087823867797852,1.2283250093460083,33.41145324707031,14927.8857421875,16.0,0.001,4.0,2.0,128.0
142,1.478332757949829,2.252238273620605,1.5007458925247192,39.79574966430664,20856.23828125,16.0,0.001,4.0,2.0,512.0
143,1.4070723056793213,2.0463693141937256,1.430513620376587,38.227535247802734,19281.7890625,16.0,0.001,4.0,2.0,1024.0
144,1.4085291624069214,2.063601493835449,1.4365241527557373,38.613162994384766,19731.46484375,16.0,0.001,4.0,4.0,64.0
145,1.1480505466461182,1.3844244480133057,1.1766157150268557,32.52178192138672,14066.3115234375,16.0,0.001,4.0,4.0,128.0
146,1.4806081056594849,2.259461641311645,1.5031505823135376,39.825801849365234,20859.734375,16.0,0.001,4.0,4.0,512.0
147,1.3814165592193604,1.975652098655701,1.4055789709091189,37.66117477416992,18723.416015625,16.0,0.001,4.0,4.0,1024.0
148,1.3185843229293823,1.873918294906616,1.3689113855361938,38.70598983764648,20243.220703125,16.0,0.001,4.0,6.0,64.0
149,1.4518442153930664,2.1743619441986084,1.4745718240737915,39.217891693115234,20268.888671875,16.0,0.001,4.0,6.0,128.0
150,1.351517677307129,1.8932631015777588,1.3759589195251465,37.01399230957031,18103.080078125,16.0,0.001,4.0,6.0,512.0
151,1.4305603504180908,2.1134345531463623,1.453765630722046,38.743690490722656,19794.71875,16.0,0.001,4.0,6.0,1024.0
152,1.2939887046813965,1.7946733236312866,1.3396542072296145,37.79898834228516,19260.64453125,16.0,0.001,4.0,8.0,64.0
153,1.235035419464111,1.5921911001205444,1.2618205547332764,34.45256805419922,15750.4951171875,16.0,0.001,4.0,8.0,128.0
154,1.3517905473709106,1.894306182861328,1.376338005065918,36.99235153198242,18071.02734375,16.0,0.001,4.0,8.0,512.0
155,1.4144797325134275,2.0674140453338623,1.4378504753112793,38.421661376953125,19471.431640625,16.0,0.001,4.0,8.0,1024.0
156,0.858508825302124,0.855292558670044,0.9248203039169312,10.178325653076172,1007.7808227539062,16.0,0.001,4.0,10.0,64.0
157,1.4564069509506226,2.1875295639038086,1.479029893875122,39.31703186035156,20366.71484375,16.0,0.001,4.0,10.0,128.0
158,1.000762104988098,1.068663239479065,1.033761739730835,29.27685546875,11470.8720703125,16.0,0.001,4.0,10.0,512.0
159,1.380445957183838,1.9722580909729004,1.4043710231781006,37.65111541748047,18715.6640625,16.0,0.001,4.0,10.0,1024.0
160,1.285312533378601,1.7379127740859983,1.3182991743087769,35.805477142333984,17084.76953125,16.0,0.001,6.0,2.0,64.0
161,0.8112090229988098,0.8228776454925537,0.907126009464264,19.33480262756348,4957.51611328125,16.0,0.001,6.0,2.0,128.0
162,1.4162673950195312,2.0893826484680176,1.4454697370529177,38.52749633789063,19688.1875,16.0,0.001,6.0,2.0,512.0
163,1.3720035552978516,1.9509822130203247,1.3967756032943726,37.44376373291016,18548.62109375,16.0,0.001,6.0,2.0,1024.0
164,0.9371970295906068,0.9458638429641724,0.9725553393363952,13.91387939453125,2130.20068359375,16.0,0.001,6.0,4.0,64.0
165,1.2897491455078125,1.831543207168579,1.3533451557159424,29.50948143005371,11506.4150390625,16.0,0.001,6.0,4.0,128.0
166,0.5106791257858276,0.3264190852642059,0.5713309645652771,18.46592140197754,4723.591796875,16.0,0.001,6.0,4.0,512.0
167,1.0303446054458618,1.129749774932861,1.0628968477249146,29.93315887451172,11983.865234375,16.0,0.001,6.0,4.0,1024.0
168,0.8580127954483032,0.8027787208557129,0.8959792256355286,25.694190979003903,8886.5283203125,16.0,0.001,6.0,6.0,64.0
169,0.7320064306259155,0.604774534702301,0.777672529220581,23.360689163208008,7425.59716796875,16.0,0.001,6.0,6.0,128.0
170,0.8539764881134033,0.7961728572845459,0.892285168170929,26.0483341217041,9149.2177734375,16.0,0.001,6.0,6.0,512.0
171,1.4051451683044434,2.042266845703125,1.4290790557861328,38.20461654663086,19271.091796875,16.0,0.001,6.0,6.0,1024.0
172,1.3565888404846191,1.906630635261536,1.3808079957962036,37.11618423461914,18200.8359375,16.0,0.001,6.0,8.0,64.0
173,0.9885982871055604,1.0443741083145142,1.0219461917877195,29.011375427246094,11278.3173828125,16.0,0.001,6.0,8.0,128.0
174,0.2899690866470337,0.1120205223560333,0.3346946835517883,12.04522705078125,2079.297119140625,16.0,0.001,6.0,8.0,512.0
175,1.3839614391326904,1.9856523275375368,1.4091317653656006,37.7011833190918,18777.583984375,16.0,0.001,6.0,8.0,1024.0
176,0.8401051759719849,0.7723296880722046,0.878822922706604,25.733806610107425,8931.9248046875,16.0,0.001,6.0,10.0,64.0
177,1.0118803977966309,1.095105767250061,1.0464730262756348,15.880298614501951,2810.670654296875,16.0,0.001,6.0,10.0,128.0
178,0.9198777079582214,0.9127145409584044,0.9553609490394592,27.50417137145996,10162.703125,16.0,0.001,6.0,10.0,512.0
179,1.4257967472076416,2.100107431411743,1.4491747617721558,38.67719268798828,19746.525390625,16.0,0.001,6.0,10.0,1024.0
180,0.6975733637809753,0.5914987921714783,0.7690895795822144,22.108619689941406,6674.19970703125,16.0,0.0001,2.0,2.0,64.0
181,0.5943697690963745,0.4550385475158691,0.6745654344558716,18.751466751098636,4884.642578125,16.0,0.0001,2.0,2.0,128.0
182,0.9057828187942504,0.904058873653412,0.9508200883865356,25.3524112701416,8551.291015625,16.0,0.0001,2.0,2.0,512.0
183,0.6638686060905457,0.5721439123153687,0.7564019560813904,17.603673934936523,4501.10986328125,16.0,0.0001,2.0,2.0,1024.0
184,0.8332659006118774,0.8306679129600525,0.911409854888916,26.316650390625,9429.5703125,16.0,0.0001,2.0,4.0,64.0
185,1.1075950860977173,1.3400883674621582,1.1576218605041504,31.11524200439453,12855.185546875,16.0,0.0001,2.0,4.0,128.0
186,1.4038612842559814,2.0679311752319336,1.4380303621292114,38.58306884765625,19685.76953125,16.0,0.0001,2.0,4.0,512.0
187,1.1979855298995972,1.5065858364105225,1.2274305820465088,32.49745178222656,14098.263671875,16.0,0.0001,2.0,4.0,1024.0
188,0.7800060510635376,0.7836034893989563,0.8852137923240662,24.36873817443848,8557.021484375,16.0,0.0001,2.0,6.0,64.0
189,1.1156072616577148,1.410500407218933,1.1876449584960938,32.58611297607422,14131.9365234375,16.0,0.0001,2.0,6.0,128.0
190,1.4346765279769895,2.159414052963257,1.4694944620132446,39.39661407470703,20333.9765625,16.0,0.0001,2.0,6.0,512.0
191,0.7339100241661072,0.6520028114318848,0.8074669241905212,18.644880294799805,4981.095703125,16.0,0.0001,2.0,6.0,1024.0
192,0.9357844591140748,1.0282472372055054,1.0140252113342283,28.60252571105957,10868.9931640625,16.0,0.0001,2.0,8.0,64.0
193,1.1601605415344238,1.516831874847412,1.2315973043441772,34.03321838378906,15632.5556640625,16.0,0.0001,2.0,8.0,128.0
194,1.2916580438613892,1.7672733068466189,1.3293883800506592,36.95497512817383,18092.78515625,16.0,0.0001,2.0,8.0,512.0
195,1.4961899518966677,2.3051517009735107,1.5182726383209229,40.48173141479492,21925.1328125,16.0,0.0001,2.0,8.0,1024.0
196,0.781493604183197,0.7537688612937927,0.8681986331939697,20.53548812866211,5490.623046875,16.0,0.0001,2.0,10.0,64.0
197,1.3761072158813477,2.1371724605560303,1.461907148361206,42.8184814453125,24704.173828125,16.0,0.0001,2.0,10.0,128.0
198,1.309812068939209,1.8346002101898196,1.3544741868972778,37.14918899536133,18174.912109375,16.0,0.0001,2.0,10.0,512.0
199,1.7461997270584106,3.132368326187134,1.7698497772216797,47.0789680480957,29470.927734375,16.0,0.0001,2.0,10.0,1024.0
200,1.09703266620636,1.3377636671066284,1.156617283821106,27.683029174804688,10077.6796875,16.0,0.0001,4.0,2.0,64.0
201,0.990212857723236,1.1270575523376465,1.0616296529769895,27.942665100097656,10402.01953125,16.0,0.0001,4.0,2.0,128.0
202,0.7072641253471375,0.6432320475578308,0.8020175099372864,19.55303955078125,5397.294921875,16.0,0.0001,4.0,2.0,512.0
203,0.87984299659729,0.8766111135482788,0.9362751245498656,23.223072052001957,7294.015625,16.0,0.0001,4.0,2.0,1024.0
204,0.6051852703094482,0.5311282873153687,0.728785514831543,14.78006649017334,3157.95947265625,16.0,0.0001,4.0,4.0,64.0
205,0.6363044381141663,0.5986489653587341,0.7737240791320801,14.836295127868652,2739.57861328125,16.0,0.0001,4.0,4.0,128.0
206,0.8321069478988647,0.7967606782913208,0.8926145434379578,25.260578155517575,8682.37109375,16.0,0.0001,4.0,4.0,512.0
207,1.1726326942443848,1.449681520462036,1.2040271759033203,31.255733489990234,13097.703125,16.0,0.0001,4.0,4.0,1024.0
208,0.5799839496612549,0.5091332197189331,0.713535726070404,13.65459156036377,2383.054931640625,16.0,0.0001,4.0,6.0,64.0
209,0.6736433506011963,0.740028440952301,0.8602490425109863,11.147777557373049,1434.6239013671875,16.0,0.0001,4.0,6.0,128.0
210,1.2544276714324951,1.680550217628479,1.2963603734970093,34.52442932128906,15718.564453125,16.0,0.0001,4.0,6.0,512.0
211,1.8138272762298584,3.417659282684326,1.84869122505188,48.68293762207031,31690.18359375,16.0,0.0001,4.0,6.0,1024.0
212,0.4086063802242279,0.2707030773162842,0.5202913284301758,2.8600170612335205,87.46151733398438,16.0,0.0001,4.0,8.0,64.0
213,1.312283635139465,1.888644099235535,1.374279499053955,37.22229766845703,18256.849609375,16.0,0.0001,4.0,8.0,128.0
214,1.0050979852676392,1.1744121313095093,1.0837029218673706,29.509626388549805,11864.1044921875,16.0,0.0001,4.0,8.0,512.0
215,1.9440577030181885,3.925528287887573,1.981294631958008,52.65224456787109,36886.26953125,16.0,0.0001,4.0,8.0,1024.0
216,0.7360509037971497,0.6580669283866882,0.8112132549285889,23.100566864013672,7209.11572265625,16.0,0.0001,4.0,10.0,64.0
217,0.8439638614654541,1.0977957248687744,1.0477575063705444,17.346332550048828,3672.841064453125,16.0,0.0001,4.0,10.0,128.0
218,1.2898210287094116,1.7594025135040283,1.3264247179031372,36.03580474853516,17142.6171875,16.0,0.0001,4.0,10.0,512.0
219,1.6052597761154177,2.6533777713775635,1.628919243812561,43.44343566894531,25024.716796875,16.0,0.0001,4.0,10.0,1024.0
220,0.6302069425582886,0.5318601727485657,0.7292874455451965,18.01608657836914,4547.716796875,16.0,0.0001,6.0,2.0,64.0
221,0.8168968558311462,0.7779350876808167,0.8820062875747681,22.60828399658203,6851.58544921875,16.0,0.0001,6.0,2.0,128.0
222,0.891169011592865,0.9163810014724731,0.9572778940200806,23.84697151184082,7646.98974609375,16.0,0.0001,6.0,2.0,512.0
223,1.341887593269348,1.9070453643798828,1.380958080291748,34.3270149230957,15771.998046875,16.0,0.0001,6.0,2.0,1024.0
224,0.8045281171798706,0.7583434581756592,0.870829164981842,24.380727767944336,8087.3896484375,16.0,0.0001,6.0,4.0,64.0
225,1.4219509363174438,2.114578485488892,1.4541590213775637,38.30230712890625,19340.78125,16.0,0.0001,6.0,4.0,128.0
226,0.8037807941436768,0.7831447124481201,0.8849546313285828,22.43040657043457,6797.3798828125,16.0,0.0001,6.0,4.0,512.0
227,1.338691234588623,1.919180989265442,1.3853451013565063,34.710052490234375,15980.7412109375,16.0,0.0001,6.0,4.0,1024.0
228,1.3358138799667358,1.927622437477112,1.3883883953094482,36.55946350097656,17575.8984375,16.0,0.0001,6.0,6.0,64.0
229,1.5645029544830322,2.653165817260742,1.6288541555404663,45.59725570678711,28157.666015625,16.0,0.0001,6.0,6.0,128.0
230,1.1727277040481567,1.4860413074493408,1.219032883644104,33.71288299560547,15054.3330078125,16.0,0.0001,6.0,6.0,512.0
231,1.3184535503387451,1.8359522819519043,1.3549731969833374,35.9448127746582,17165.525390625,16.0,0.0001,6.0,6.0,1024.0
232,0.955652117729187,1.118520736694336,1.0576014518737793,29.04785919189453,11117.671875,16.0,0.0001,6.0,8.0,64.0
233,0.5765965580940247,0.5887767672538757,0.7673178911209106,7.365421772003174,596.228271484375,16.0,0.0001,6.0,8.0,128.0
234,1.2729915380477903,1.7146649360656738,1.3094521760940552,36.603511810302734,17800.552734375,16.0,0.0001,6.0,8.0,512.0
235,1.6469122171401978,2.7910547256469727,1.670644998550415,42.537540435791016,23534.2890625,16.0,0.0001,6.0,8.0,1024.0
236,0.950753927230835,0.9871302843093872,0.9935442805290222,26.183067321777344,9043.7109375,16.0,0.0001,6.0,10.0,64.0
237,1.462399125099182,2.276465892791748,1.508796215057373,40.048614501953125,21182.357421875,16.0,0.0001,6.0,10.0,128.0
238,1.2524694204330444,1.6881463527679443,1.2992868423461914,36.188575744628906,17339.787109375,16.0,0.0001,6.0,10.0,512.0
239,1.8140294551849363,3.3721210956573486,1.8363336324691768,47.33725738525391,29263.763671875,16.0,0.0001,6.0,10.0,1024.0
240,0.613396406173706,0.5409795045852661,0.7355130910873413,15.03026294708252,3133.996826171875,16.0,1e-05,2.0,2.0,64.0
241,1.0764163732528689,1.315721035003662,1.147048830986023,27.362773895263672,9922.7451171875,16.0,1e-05,2.0,2.0,128.0
242,0.6194787621498108,0.5358467698097229,0.7320155501365662,16.045446395874023,3995.953125,16.0,1e-05,2.0,2.0,512.0
243,0.7699370980262756,0.7703183889389038,0.877677857875824,21.39933967590332,7293.36474609375,16.0,1e-05,2.0,2.0,1024.0
244,0.6389520168304443,0.5969500541687012,0.7726254463195801,13.91140365600586,2529.773193359375,16.0,1e-05,2.0,4.0,64.0
245,0.8632020950317383,0.8972823023796082,0.9472498893737792,24.300827026367188,7965.0078125,16.0,1e-05,2.0,4.0,128.0
246,1.1021509170532229,1.3138365745544434,1.1462271213531494,30.137149810791016,12297.6904296875,16.0,1e-05,2.0,4.0,512.0
247,0.755713701248169,0.7096951007843018,0.8424340486526489,21.81578254699707,6927.15771484375,16.0,1e-05,2.0,4.0,1024.0
248,0.5711698532104492,0.4714063107967376,0.6865903735160828,10.930572509765623,1534.70654296875,16.0,1e-05,2.0,6.0,64.0
249,1.148809790611267,1.4993290901184082,1.2244709730148315,32.960880279541016,14718.87890625,16.0,1e-05,2.0,6.0,128.0
250,1.191283941268921,1.5441648960113523,1.2426443099975586,33.17936706542969,14675.96484375,16.0,1e-05,2.0,6.0,512.0
251,0.6218239068984985,0.5299060344696045,0.7279464602470398,18.068544387817383,5199.47607421875,16.0,1e-05,2.0,6.0,1024.0
252,0.8040592074394226,0.8147254586219788,0.9026214480400084,19.932750701904297,5290.474609375,16.0,1e-05,2.0,8.0,64.0
253,1.1893467903137207,1.6563620567321775,1.2869973182678225,33.375946044921875,14689.91796875,16.0,1e-05,2.0,8.0,128.0
254,1.080472707748413,1.324276566505432,1.150772213935852,31.27404022216797,13111.7509765625,16.0,1e-05,2.0,8.0,512.0
255,1.1134024858474731,1.3759678602218628,1.1730165481567385,31.23959732055664,13469.25,16.0,1e-05,2.0,8.0,1024.0
256,0.7758617401123047,0.7957401275634766,0.8920426964759827,17.951799392700195,4443.21923828125,16.0,1e-05,2.0,10.0,64.0
257,1.1676440238952637,1.5514593124389648,1.2455759048461914,30.044410705566406,11953.341796875,16.0,1e-05,2.0,10.0,128.0
258,1.3587743043899536,1.9619933366775515,1.4007117748260498,38.34136581420898,19788.810546875,16.0,1e-05,2.0,10.0,512.0
259,1.180214285850525,1.5082093477249146,1.2280917167663574,33.146568298339844,15095.423828125,16.0,1e-05,2.0,10.0,1024.0
260,0.4652789533138275,0.3666161000728607,0.6054883003234863,8.178877830505371,981.2484741210938,16.0,1e-05,4.0,2.0,64.0
261,1.0249265432357788,1.2772033214569092,1.1301342248916626,26.18437385559082,9353.5595703125,16.0,1e-05,4.0,2.0,128.0
262,0.9039013981819152,0.9672863483428956,0.9835071563720704,24.060422897338867,7846.7021484375,16.0,1e-05,4.0,2.0,512.0
263,0.5600606799125671,0.440080314874649,0.6633855104446411,13.903484344482422,3212.908935546875,16.0,1e-05,4.0,2.0,1024.0
264,0.6528604030609131,0.5855893492698669,0.7652381062507629,15.018376350402832,3122.037841796875,16.0,1e-05,4.0,4.0,64.0
265,0.8648675084114075,0.9004510045051575,0.948920965194702,24.30577087402344,7930.595703125,16.0,1e-05,4.0,4.0,128.0
266,1.3173481225967407,1.8592472076416016,1.3635421991348269,35.767822265625,17091.28125,16.0,1e-05,4.0,4.0,512.0
267,0.9584553241729736,1.0365705490112305,1.0181211233139038,26.282320022583008,9474.9794921875,16.0,1e-05,4.0,4.0,1024.0
268,0.5158054828643799,0.4546437859535217,0.6742727756500244,9.103245735168455,1116.6314697265625,16.0,1e-05,4.0,6.0,64.0
269,1.0220025777816772,1.275745868682861,1.129489183425903,26.287866592407227,9132.14453125,16.0,1e-05,4.0,6.0,128.0
270,1.1558939218521118,1.5089688301086426,1.228400945663452,32.86683654785156,14573.546875,16.0,1e-05,4.0,6.0,512.0
271,1.0788331031799316,1.2586514949798584,1.1218963861465454,29.44009780883789,11601.6279296875,16.0,1e-05,4.0,6.0,1024.0
272,0.6600561141967773,0.5732734799385071,0.757148265838623,17.12020492553711,3849.01513671875,16.0,1e-05,4.0,8.0,64.0
273,0.937738299369812,1.063705563545227,1.0313609838485718,25.04547119140625,8258.484375,16.0,1e-05,4.0,8.0,128.0
274,1.2421810626983645,1.7776710987091064,1.333293318748474,36.42325973510742,17709.111328125,16.0,1e-05,4.0,8.0,512.0
275,1.1512579917907717,1.4314333200454712,1.196425199508667,32.30249786376953,13901.5166015625,16.0,1e-05,4.0,8.0,1024.0
276,0.6871957182884216,0.7420435547828674,0.8614194989204407,13.480963706970217,2283.7373046875,16.0,1e-05,4.0,10.0,64.0
277,0.9657870531082152,1.1074069738388062,1.0523340702056885,27.21999931335449,10152.2294921875,16.0,1e-05,4.0,10.0,128.0
278,1.2521222829818726,1.7022944688796997,1.3047200441360474,35.57982635498047,17060.74609375,16.0,1e-05,4.0,10.0,512.0
279,1.1579667329788208,1.455377221107483,1.206390142440796,31.81239128112793,13919.13671875,16.0,1e-05,4.0,10.0,1024.0
280,0.4957377016544342,0.4763086140155792,0.6901511549949646,5.365097999572754,358.9777526855469,16.0,1e-05,6.0,2.0,64.0
281,0.799138069152832,0.8011215329170227,0.8950539231300354,20.70843505859375,5786.22998046875,16.0,1e-05,6.0,2.0,128.0
282,0.9761924743652344,1.1860051155090332,1.089038610458374,27.108901977539062,10174.994140625,16.0,1e-05,6.0,2.0,512.0
283,1.0059125423431396,1.1911524534225464,1.091399312019348,25.96145248413086,9493.8134765625,16.0,1e-05,6.0,2.0,1024.0
284,0.4748491644859314,0.3497786521911621,0.5914208889007568,10.568633079528809,1515.4744873046875,16.0,1e-05,6.0,4.0,64.0
285,0.9122421741485596,1.0142970085144043,1.0071231126785278,24.12329864501953,7502.6396484375,16.0,1e-05,6.0,4.0,128.0
286,1.1268359422683716,1.39598548412323,1.181518316268921,31.11603736877441,13294.46484375,16.0,1e-05,6.0,4.0,512.0
287,1.1535134315490725,1.4537116289138794,1.2056996822357178,31.72978782653809,13809.57421875,16.0,1e-05,6.0,4.0,1024.0
288,0.4240261316299438,0.3144139051437378,0.5607262253761292,6.015568256378174,551.4395751953125,16.0,1e-05,6.0,6.0,64.0
289,0.8550066351890564,0.9139783382415771,0.9560221433639526,22.27533721923828,6516.46826171875,16.0,1e-05,6.0,6.0,128.0
290,1.4125722646713257,2.1503682136535645,1.4664133787155151,39.17572021484375,20706.509765625,16.0,1e-05,6.0,6.0,512.0
291,1.2912604808807373,1.793903350830078,1.339366793632507,34.69181060791016,16185.2099609375,16.0,1e-05,6.0,6.0,1024.0
292,0.4810430705547333,0.4078606367111206,0.6386396884918213,8.026312828063965,928.0228881835938,16.0,1e-05,6.0,8.0,64.0
293,0.9390590190887452,1.0911500453948977,1.0445812940597534,25.361417770385746,8570.1787109375,16.0,1e-05,6.0,8.0,128.0
294,1.1993803977966309,1.5727194547653198,1.254081130027771,34.659385681152344,15980.923828125,16.0,1e-05,6.0,8.0,512.0
295,1.3817877769470217,2.033976554870605,1.4261754751205444,37.3287239074707,18740.98828125,16.0,1e-05,6.0,8.0,1024.0
296,0.5899782776832581,0.4972764551639557,0.7051783204078674,14.755560874938965,2935.628173828125,16.0,1e-05,6.0,10.0,64.0
297,1.002709984779358,1.1933258771896362,1.0923945903778076,25.636436462402344,8587.67578125,16.0,1e-05,6.0,10.0,128.0
298,1.18251371383667,1.525250792503357,1.2350103855133057,33.96525192260742,15415.87890625,16.0,1e-05,6.0,10.0,512.0
299,1.5607365369796753,2.553802490234375,1.5980621576309204,41.72634506225586,23308.119140625,16.0,1e-05,6.0,10.0,1024.0
300,0.8827521800994873,0.8654803037643433,0.930311918258667,11.49539852142334,1355.3138427734375,32.0,0.1,2.0,2.0,64.0
301,0.8520556688308716,0.9738959074020386,0.9868616461753844,12.250499725341797,1673.1351318359375,32.0,0.1,2.0,2.0,128.0
302,0.2739776074886322,0.0982484519481659,0.3134461045265198,11.325395584106444,1845.6531982421875,32.0,0.1,2.0,2.0,512.0
303,0.4278666973114013,0.2433999180793762,0.49335578083992,16.515769958496094,3816.46533203125,32.0,0.1,2.0,2.0,1024.0
304,0.4391599893569946,0.259135365486145,0.5090534090995789,2.432783365249634,30.586313247680664,32.0,0.1,2.0,4.0,64.0
305,2.3791708946228027,5.726730346679688,2.3930587768554688,59.63583755493164,46143.87890625,32.0,0.1,2.0,4.0,128.0
306,0.3257865607738495,0.1475381404161453,0.3841069340705871,13.56802749633789,2618.0927734375,32.0,0.1,2.0,4.0,512.0
307,0.3969877362251282,0.2142116427421569,0.4628300368785858,15.724193572998049,3474.677001953125,32.0,0.1,2.0,4.0,1024.0
308,0.4209914803504944,0.237216368317604,0.4870486259460449,16.41036033630371,3774.3798828125,32.0,0.1,2.0,6.0,64.0
309,0.4734228849411011,0.2882733345031738,0.536910891532898,17.6181697845459,4317.62451171875,32.0,0.1,2.0,6.0,128.0
310,0.3138054013252258,0.1355439573526382,0.3681629598140716,13.099700927734377,2446.122802734375,32.0,0.1,2.0,6.0,512.0
311,0.4899612963199615,0.3051330745220184,0.5523884892463684,18.003761291503906,4499.828125,32.0,0.1,2.0,6.0,1024.0
312,0.2418903261423111,0.0968623533844947,0.3112271726131439,4.120724678039551,232.67333984375,32.0,0.1,2.0,8.0,64.0
313,0.2439933866262436,0.0985949262976646,0.313998281955719,4.030119895935059,221.14231872558597,32.0,0.1,2.0,8.0,128.0
314,0.3843861818313598,0.2024824023246765,0.4499804377555847,15.381725311279297,3331.19140625,32.0,0.1,2.0,8.0,512.0
315,1.3068116903305054,1.7740318775177002,1.3319278955459597,36.0191535949707,17163.443359375,32.0,0.1,2.0,8.0,1024.0
316,0.5474092960357666,0.3659218251705169,0.6049147248268127,4.814352035522461,193.9503936767578,32.0,0.1,2.0,10.0,64.0
317,0.2321880608797073,0.0889308974146843,0.2982128262519836,4.589022159576416,296.4671630859375,32.0,0.1,2.0,10.0,128.0
318,0.3991248309612274,0.2162595242261886,0.4650371074676513,15.773707389831545,3494.56005859375,32.0,0.1,2.0,10.0,512.0
319,1.9590051174163816,3.9039769172668457,1.9758484363555908,50.382469177246094,33115.3515625,32.0,0.1,2.0,10.0,1024.0
320,0.4095534682273865,0.234110414981842,0.4838495850563049,1.76683509349823,10.390092849731444,32.0,0.1,4.0,2.0,64.0
321,0.7823849320411682,0.6784015893936157,0.8236513733863831,24.46966361999512,8105.02099609375,32.0,0.1,4.0,2.0,128.0
322,0.5090854167938232,0.3246873617172241,0.5698134303092957,18.43508529663086,4707.7587890625,32.0,0.1,4.0,2.0,512.0
323,1.635191798210144,2.7401275634765625,1.6553330421447754,43.25111389160156,24545.8671875,32.0,0.1,4.0,2.0,1024.0
324,0.9816585183143616,1.0331294536590576,1.016429781913757,28.963077545166016,11237.162109375,32.0,0.1,4.0,4.0,64.0
325,0.3681762814521789,0.187756597995758,0.4333088994026184,14.938472747802734,3150.223388671875,32.0,0.1,4.0,4.0,128.0
326,0.577396810054779,0.4100422859191894,0.6403454542160034,20.97784805297852,6130.5205078125,32.0,0.1,4.0,4.0,512.0
327,1.5957762002944946,2.6127769947052,1.6164087057113647,42.383056640625,23590.1875,32.0,0.1,4.0,4.0,1024.0
328,0.2146961539983749,0.0648446232080459,0.2546460628509521,7.239184856414795,765.8331909179688,32.0,0.1,4.0,6.0,64.0
329,0.294219434261322,0.1360189169645309,0.3688074350357055,2.5535595417022705,68.86181640625,32.0,0.1,4.0,6.0,128.0
330,0.2241838574409485,0.0684303119778633,0.2615918815135956,8.509641647338867,1057.7491455078125,32.0,0.1,4.0,6.0,512.0
331,2.1119847297668457,4.526754379272461,2.127617120742798,53.75156021118164,37609.32421875,32.0,0.1,4.0,6.0,1024.0
332,2.021808862686157,4.153986930847168,2.038133144378662,51.765586853027344,34925.671875,32.0,0.1,4.0,8.0,64.0
333,0.2193661332130432,0.0666419565677642,0.2581510245800018,7.946613788604736,923.7092895507812,32.0,0.1,4.0,8.0,128.0
334,0.5537123084068298,0.3726649880409241,0.6104629039764404,19.435213088989254,5208.171875,32.0,0.1,4.0,8.0,512.0
335,1.0960017442703247,1.267495036125183,1.1258307695388794,31.37647819519043,13118.3603515625,32.0,0.1,4.0,8.0,1024.0
336,0.2844685316085815,0.1069836914539337,0.3270836174488067,11.791297912597656,1994.396728515625,32.0,0.1,4.0,10.0,64.0
337,0.9020457863807678,0.991556704044342,0.9957693815231324,8.972747802734375,676.1971435546875,32.0,0.1,4.0,10.0,128.0
338,0.2859702110290527,0.1082033216953277,0.3289427459239959,11.845732688903809,2011.8448486328125,32.0,0.1,4.0,10.0,512.0
339,0.2350967526435852,0.0914193615317344,0.3023563623428345,4.421024799346924,272.8531188964844,32.0,0.1,4.0,10.0,1024.0
340,0.9815852046012878,1.0280834436416626,1.0139445066452026,28.60448837280273,10934.1513671875,32.0,0.1,6.0,2.0,64.0
341,0.5050922632217407,0.3213721513748169,0.5668969750404358,3.886258840560913,113.32432556152344,32.0,0.1,6.0,2.0,128.0
342,1.0370911359786987,1.1418335437774658,1.068566083908081,30.079084396362305,12085.0068359375,32.0,0.1,6.0,2.0,512.0
343,1.2024766206741333,1.5122253894805908,1.22972571849823,33.72138595581055,15093.59375,32.0,0.1,6.0,2.0,1024.0
344,0.2762005031108856,0.1223605573177337,0.3498007357120514,3.0257387161254883,109.09136199951172,32.0,0.1,6.0,4.0,64.0
345,0.3263103365898132,0.1633966714143753,0.4042235314846039,1.7496421337127686,21.46797180175781,32.0,0.1,6.0,4.0,128.0
346,0.2337598800659179,0.0725946798920631,0.2694340050220489,9.201265335083008,1232.4595947265625,32.0,0.1,6.0,4.0,512.0
347,0.7361276745796204,0.6081593036651611,0.7798457145690918,23.45093536376953,7467.236328125,32.0,0.1,6.0,4.0,1024.0
348,0.455013632774353,0.2699409127235412,0.5195583701133728,17.177690505981445,4113.52001953125,32.0,0.1,6.0,6.0,64.0
349,0.3525258600711822,0.1874811798334121,0.4329909682273865,1.1674532890319824,3.785540580749512,32.0,0.1,6.0,6.0,128.0
350,0.7331153154373169,0.6031456589698792,0.7766245007514954,23.363182067871094,7414.6572265625,32.0,0.1,6.0,6.0,512.0
351,1.363637089729309,1.9257807731628416,1.387724995613098,37.27059555053711,18346.67578125,32.0,0.1,6.0,6.0,1024.0
352,1.490194320678711,2.287419319152832,1.512421727180481,39.59201431274414,20570.94921875,32.0,0.1,6.0,8.0,64.0
353,0.3163734376430511,0.1557799875736236,0.3946897387504577,1.7827374935150146,23.882747650146484,32.0,0.1,6.0,8.0,128.0
354,1.325658917427063,1.8236467838287356,1.3504246473312378,36.43423461914063,17551.5390625,32.0,0.1,6.0,8.0,512.0
355,0.672533392906189,0.5185765624046326,0.7201225757598877,22.050392150878903,6633.08056640625,32.0,0.1,6.0,8.0,1024.0
356,0.2246128767728805,0.0816870704293251,0.2858094871044159,5.079778671264648,369.4732971191406,32.0,0.1,6.0,10.0,64.0
357,1.3131028413772583,1.7904257774353027,1.338067889213562,36.16437149047852,17300.6328125,32.0,0.1,6.0,10.0,128.0
358,0.3925049602985382,0.2100937515497207,0.4583598375320434,15.60643482208252,3425.12646484375,32.0,0.1,6.0,10.0,512.0
359,1.4138330221176147,2.065199136734009,1.4370800256729126,38.376102447509766,19424.751953125,32.0,0.1,6.0,10.0,1024.0
360,1.37423574924469,1.9554650783538816,1.3983794450759888,37.3130111694336,18360.5390625,32.0,0.01,2.0,2.0,64.0
361,0.3480689525604248,0.1688690334558487,0.4109367728233337,14.331928253173828,2909.7177734375,32.0,0.01,2.0,2.0,128.0
362,0.3682922124862671,0.1879661530256271,0.433550626039505,14.944449424743652,3152.625244140625,32.0,0.01,2.0,2.0,512.0
363,1.5356547832489014,2.424510955810547,1.557084083557129,41.05899810791016,22169.029296875,32.0,0.01,2.0,2.0,1024.0
364,0.7224865555763245,0.5927869081497192,0.7699265480041504,21.845251083374023,6404.201171875,32.0,0.01,2.0,4.0,64.0
365,0.5094677805900574,0.4839580953121185,0.6956709623336792,11.34894847869873,1561.376220703125,32.0,0.01,2.0,4.0,128.0
366,1.4154658317565918,2.06982159614563,1.438687443733215,38.41206741333008,19460.3359375,32.0,0.01,2.0,4.0,512.0
367,1.6825294494628906,2.8971810340881348,1.702110767364502,44.29364013671875,25718.70703125,32.0,0.01,2.0,4.0,1024.0
368,1.4003978967666626,2.18685245513916,1.4788010120391846,40.947879791259766,22399.646484375,32.0,0.01,2.0,6.0,64.0
369,0.7979614734649658,0.8034603595733643,0.8963595032691956,21.113998413085938,5735.08154296875,32.0,0.01,2.0,6.0,128.0
370,0.2454873919486999,0.0788086131215095,0.2807287275791168,9.885303497314451,1416.93115234375,32.0,0.01,2.0,6.0,512.0
371,1.070568561553955,1.21238911151886,1.1010854244232178,30.816139221191406,12666.8193359375,32.0,0.01,2.0,6.0,1024.0
372,1.0595028400421145,1.2701505422592163,1.1270095109939575,31.78370857238769,13617.60546875,32.0,0.01,2.0,8.0,64.0
373,0.7188336849212646,0.6461145877838135,0.8038125038146973,20.150672912597656,5321.1865234375,32.0,0.01,2.0,8.0,128.0
374,0.2213547378778457,0.0673343539237976,0.2594886422157287,8.222246170043945,988.4143676757812,32.0,0.01,2.0,8.0,512.0
375,1.1702909469604492,1.4358696937561035,1.1982778310775757,33.00996398925781,14479.0908203125,32.0,0.01,2.0,8.0,1024.0
376,1.0677626132965088,1.1990214586257937,1.0949983596801758,29.70151710510254,11609.974609375,32.0,0.01,2.0,10.0,64.0
377,1.4844318628311155,2.269646644592285,1.5065346956253052,39.94371032714844,21010.826171875,32.0,0.01,2.0,10.0,128.0
378,0.333653062582016,0.1551954597234726,0.3939485549926758,13.850126266479492,2724.10546875,32.0,0.01,2.0,10.0,512.0
379,1.2647069692611694,1.665758728981018,1.2906427383422852,35.091888427734375,16312.1513671875,32.0,0.01,2.0,10.0,1024.0
380,1.414623498916626,2.068946123123169,1.4383832216262815,38.49893569946289,19572.279296875,32.0,0.01,4.0,2.0,64.0
381,0.8104950785636902,0.7232113480567932,0.8504183292388916,25.08855438232422,8505.2412109375,32.0,0.01,4.0,2.0,128.0
382,0.2180662602186203,0.0663316771388053,0.257549375295639,7.717092514038086,871.30224609375,32.0,0.01,4.0,2.0,512.0
383,1.6885247230529783,2.9173943996429443,1.7080382108688354,44.42549133300781,25868.904296875,32.0,0.01,4.0,2.0,1024.0
384,1.0110077857971191,1.0904581546783447,1.0442500114440918,29.478965759277344,11596.4326171875,32.0,0.01,4.0,4.0,64.0
385,1.3795342445373535,1.9693875312805176,1.403348684310913,37.61912536621094,18682.8203125,32.0,0.01,4.0,4.0,128.0
386,1.3991271257400513,2.0239334106445312,1.4226500988006592,38.05232238769531,19106.50390625,32.0,0.01,4.0,4.0,512.0
387,1.0327203273773191,1.132786750793457,1.0643244981765747,29.98282623291016,12010.0263671875,32.0,0.01,4.0,4.0,1024.0
388,0.2217768430709839,0.0674924552440643,0.2597931027412414,8.270346641540527,999.8873901367188,32.0,0.01,4.0,6.0,64.0
389,0.4918737411499023,0.3070772290229797,0.5541455149650574,18.0474910736084,4520.73828125,32.0,0.01,4.0,6.0,128.0
390,1.3665547370910645,1.9336152076721191,1.390544891357422,37.32518768310547,18397.76171875,32.0,0.01,4.0,6.0,512.0
391,1.2916712760925293,1.7346895933151243,1.3170762062072754,35.68570709228516,16854.830078125,32.0,0.01,4.0,6.0,1024.0
392,1.022255778312683,1.3130627870559692,1.1458895206451416,15.667831420898438,3854.430908203125,32.0,0.01,4.0,8.0,64.0
393,0.7866601943969727,0.6851094365119934,0.8277133703231812,24.5642032623291,8165.564453125,32.0,0.01,4.0,8.0,128.0
394,0.2235095500946045,0.0681741908192634,0.2611018717288971,8.449835777282715,1043.18310546875,32.0,0.01,4.0,8.0,512.0
395,1.4838041067123413,2.267948627471924,1.5059709548950195,39.91710662841797,20978.859375,32.0,0.01,4.0,8.0,1024.0
396,1.307276487350464,1.7757177352905271,1.3325605392456057,35.641510009765625,16725.330078125,32.0,0.01,4.0,10.0,64.0
397,1.4056239128112793,2.041898250579834,1.4289500713348389,38.2274169921875,19279.3515625,32.0,0.01,4.0,10.0,128.0
398,0.4466112852096557,0.2616182565689087,0.511486291885376,16.978052139282227,4023.075439453125,32.0,0.01,4.0,10.0,512.0
399,1.5494741201400757,2.4671425819396973,1.570713996887207,41.36328887939453,22491.72265625,32.0,0.01,4.0,10.0,1024.0
400,0.3342312574386596,0.1706757098436355,0.4131291806697845,1.5591846704483032,14.183889389038086,32.0,0.01,6.0,2.0,64.0
401,0.2636047601699829,0.0872913151979446,0.2954510450363159,6.399313449859619,554.0923461914062,32.0,0.01,6.0,2.0,128.0
402,1.436022400856018,2.128446340560913,1.4589195251464844,38.86536407470703,19912.12890625,32.0,0.01,6.0,2.0,512.0
403,1.4043142795562744,2.038373708724976,1.4277162551879885,38.166465759277344,19217.953125,32.0,0.01,6.0,2.0,1024.0
404,1.0135254859924316,1.1117879152297974,1.0544135570526123,14.468409538269045,2230.23046875,32.0,0.01,6.0,4.0,64.0
405,0.5239763259887695,0.3402861058712005,0.5833404660224915,18.768287658691406,4871.49755859375,32.0,0.01,6.0,4.0,128.0
406,0.9004932045936584,0.914679229259491,0.9563886523246764,29.72191619873047,12911.06640625,32.0,0.01,6.0,4.0,512.0
407,1.498456597328186,2.31165623664856,1.520413160324097,40.23917388916016,21311.0390625,32.0,0.01,6.0,4.0,1024.0
408,0.5127726197242737,0.328525573015213,0.5731714963912964,18.51835823059082,4748.5390625,32.0,0.01,6.0,6.0,64.0
409,0.7351866960525513,0.6446382999420166,0.8028936982154846,11.460664749145508,1486.83056640625,32.0,0.01,6.0,6.0,128.0
410,0.5092036724090576,0.3248105645179748,0.5699215531349182,18.43785858154297,4709.11279296875,32.0,0.01,6.0,6.0,512.0
411,1.0989872217178345,1.2740486860275269,1.1287376880645752,31.442243576049805,13171.876953125,32.0,0.01,6.0,6.0,1024.0
412,1.1311701536178589,1.345787525177002,1.1600807905197144,32.13442611694336,13741.0458984375,32.0,0.01,6.0,8.0,64.0
413,1.2729109525680542,1.6865788698196411,1.298683524131775,35.27256393432617,16476.3203125,32.0,0.01,6.0,8.0,128.0
414,0.3017204999923706,0.1233119145035743,0.3511579632759094,12.579914093017578,2261.3984375,32.0,0.01,6.0,8.0,512.0
415,1.3773455619812012,1.9633557796478271,1.4011980295181274,37.57250595092773,18637.990234375,32.0,0.01,6.0,8.0,1024.0
416,0.2724500894546509,0.0968581140041351,0.3112203478813171,11.220081329345703,1811.2076416015625,32.0,0.01,6.0,10.0,64.0
417,0.7448797225952148,0.6211211681365967,0.7881124019622803,23.643672943115234,7585.89501953125,32.0,0.01,6.0,10.0,128.0
418,0.8271066546440125,0.7503808736801147,0.8662452697753906,25.45458602905273,8746.49609375,32.0,0.01,6.0,10.0,512.0
419,1.2138172388076782,1.5396281480789185,1.2408175468444824,33.97111511230469,15312.09375,32.0,0.01,6.0,10.0,1024.0
420,0.7269273996353149,0.6618418097496033,0.8135365843772888,19.372095108032227,4829.9931640625,32.0,0.001,2.0,2.0,64.0
421,1.3728364706039429,1.975469827651977,1.405514121055603,38.50636291503906,19783.470703125,32.0,0.001,2.0,2.0,128.0
422,1.369579792022705,1.938901424407959,1.392444372177124,37.387184143066406,18511.763671875,32.0,0.001,2.0,2.0,512.0
423,1.2895348072052002,1.7367852926254272,1.3178714513778689,35.581443786621094,16858.31640625,32.0,0.001,2.0,2.0,1024.0
424,0.9445334672927856,0.9903061389923096,0.9951412677764891,29.16600608825684,11394.50390625,32.0,0.001,2.0,4.0,64.0
425,1.3573832511901855,1.9102766513824463,1.3821275234222412,37.162353515625,18262.185546875,32.0,0.001,2.0,4.0,128.0
426,1.3486186265945437,1.8875653743743896,1.3738869428634644,36.91904830932617,18004.4140625,32.0,0.001,2.0,4.0,512.0
427,1.3425012826919556,1.8697348833084104,1.367382526397705,36.77656173706055,17859.5390625,32.0,0.001,2.0,4.0,1024.0
428,0.4708593189716339,0.3310986161231994,0.5754116773605347,12.769908905029297,2173.697509765625,32.0,0.001,2.0,6.0,64.0
429,1.4534765481948853,2.1860759258270264,1.4785383939743042,39.33891296386719,20427.4296875,32.0,0.001,2.0,6.0,128.0
430,1.5332666635513306,2.419719934463501,1.5555448532104492,41.00606918334961,22127.091796875,32.0,0.001,2.0,6.0,512.0
431,1.2580512762069702,1.655500411987305,1.286662459373474,35.04618453979492,16337.859375,32.0,0.001,2.0,6.0,1024.0
432,0.7954995036125183,0.7200288772583008,0.8485451340675354,11.44641399383545,1392.8148193359375,32.0,0.001,2.0,8.0,64.0
433,1.469935655593872,2.2580835819244385,1.5026921033859253,40.86098861694336,22296.91796875,32.0,0.001,2.0,8.0,128.0
434,1.5148093700408936,2.3621160984039307,1.5369176864624023,40.63229370117188,21745.923828125,32.0,0.001,2.0,8.0,512.0
435,1.2368206977844238,1.6138869524002075,1.2703884840011597,34.46553421020508,15866.1005859375,32.0,0.001,2.0,8.0,1024.0
436,1.4031225442886353,2.037623167037964,1.4274533987045288,38.15244674682617,19218.380859375,32.0,0.001,2.0,10.0,64.0
437,1.4202895164489746,2.086655616760254,1.4445260763168335,38.37525939941406,19410.396484375,32.0,0.001,2.0,10.0,128.0
438,1.7595438957214355,3.166512250900269,1.779469609260559,45.956329345703125,27662.56640625,32.0,0.001,2.0,10.0,512.0
439,1.5986881256103516,2.657257318496704,1.6301095485687256,42.54496765136719,23896.564453125,32.0,0.001,2.0,10.0,1024.0
440,1.369675874710083,1.9699573516845703,1.403551697731018,37.93918228149414,19130.72265625,32.0,0.001,4.0,2.0,64.0
441,1.4344844818115234,2.132880449295044,1.4604384899139404,38.95787048339844,20072.05859375,32.0,0.001,4.0,2.0,128.0
442,1.4507933855056765,2.172797203063965,1.4740411043167114,39.21585464477539,20269.29296875,32.0,0.001,4.0,2.0,512.0
443,0.5868813395500183,0.4407041370868683,0.6638554930686951,17.215988159179688,4675.228515625,32.0,0.001,4.0,2.0,1024.0
444,1.3734982013702393,1.9800959825515747,1.4071588516235352,38.27936553955078,19440.94140625,32.0,0.001,4.0,4.0,64.0
445,1.4773213863372805,2.249168872833252,1.499722957611084,39.7690658569336,20813.8828125,32.0,0.001,4.0,4.0,128.0
446,1.2557417154312134,1.6466432809829712,1.2832159996032717,34.96140670776367,16216.423828125,32.0,0.001,4.0,4.0,512.0
447,1.4458601474761963,2.1600871086120605,1.4697234630584717,39.078731536865234,20180.931640625,32.0,0.001,4.0,4.0,1024.0
448,1.229184627532959,1.5786895751953125,1.25645911693573,33.89259719848633,15216.27734375,32.0,0.001,4.0,6.0,64.0
449,1.32234787940979,1.815523386001587,1.3474135398864746,36.351898193359375,17478.24609375,32.0,0.001,4.0,6.0,128.0
450,1.5061976909637451,2.3403327465057373,1.529814600944519,40.39817428588867,21497.2578125,32.0,0.001,4.0,6.0,512.0
451,1.4520658254623413,2.1761250495910645,1.4751695394515991,39.18787384033203,20214.396484375,32.0,0.001,4.0,6.0,1024.0
452,0.7597154378890991,0.7188218832015991,0.8478336334228516,22.701210021972656,6870.4375,32.0,0.001,4.0,8.0,64.0
453,1.7963709831237793,3.303220510482788,1.8174763917922971,46.80020523071289,28705.5546875,32.0,0.001,4.0,8.0,128.0
454,1.3494176864624023,1.8871694803237915,1.3737428188323977,36.955665588378906,18046.984375,32.0,0.001,4.0,8.0,512.0
455,1.4471933841705322,2.160512685775757,1.469868302345276,39.07319641113281,20104.69921875,32.0,0.001,4.0,8.0,1024.0
456,1.3111648559570312,1.7867093086242676,1.3366785049438477,35.99225234985352,17134.966796875,32.0,0.001,4.0,10.0,64.0
457,0.7424681782722473,0.6176726818084717,0.785921573638916,23.591777801513672,7557.197265625,32.0,0.001,4.0,10.0,128.0
458,1.4230551719665527,2.0914711952209477,1.446191906929016,38.573875427246094,19618.65625,32.0,0.001,4.0,10.0,512.0
459,1.4036825895309448,2.0386242866516118,1.4278039932250977,38.13046646118164,19180.650390625,32.0,0.001,4.0,10.0,1024.0
460,1.2376232147216797,1.6308224201202393,1.2770365476608276,33.173301696777344,14757.265625,32.0,0.001,6.0,2.0,64.0
461,1.3039048910140991,1.78439199924469,1.3358113765716553,35.75144577026367,16963.498046875,32.0,0.001,6.0,2.0,128.0
462,1.349803447723389,1.9033960103988647,1.3796361684799194,37.26383972167969,18375.8359375,32.0,0.001,6.0,2.0,512.0
463,1.3576933145523071,1.9284303188323972,1.3886793851852417,37.00498962402344,18192.41015625,32.0,0.001,6.0,2.0,1024.0
464,0.5141088962554932,0.3632991909980774,0.6027430295944214,17.250560760498047,4069.36669921875,32.0,0.001,6.0,4.0,64.0
465,0.8641167283058167,0.8131911754608154,0.9017711281776428,26.274545669555664,9303.7177734375,32.0,0.001,6.0,4.0,128.0
466,1.3442076444625854,1.873573899269104,1.3687855005264282,36.82497787475586,17929.421875,32.0,0.001,6.0,4.0,512.0
467,1.2520421743392944,1.6286290884017944,1.2761775255203247,34.9427375793457,16427.3359375,32.0,0.001,6.0,4.0,1024.0
468,1.0924028158187866,1.357680082321167,1.165195345878601,15.748018264770508,3787.1826171875,32.0,0.001,6.0,6.0,64.0
469,0.8936493992805481,0.8648822903633118,0.9299904704093932,26.919248580932617,9744.748046875,32.0,0.001,6.0,6.0,128.0
470,1.3742555379867554,1.955472469329834,1.3983820676803589,37.52312469482422,18609.0390625,32.0,0.001,6.0,6.0,512.0
471,0.6077001094818115,0.5678562521934509,0.7535623908042908,4.014150619506836,150.30259704589844,32.0,0.001,6.0,6.0,1024.0
472,0.2741779088973999,0.0982012674212455,0.3133708238601684,11.298677444458008,1835.7510986328125,32.0,0.001,6.0,8.0,64.0
473,1.4237483739852903,2.094277858734131,1.4471620321273804,38.59846496582031,19641.697265625,32.0,0.001,6.0,8.0,128.0
474,0.4009099900722503,0.2178885191679,0.4667853116989136,15.656938552856444,3481.95263671875,32.0,0.001,6.0,8.0,512.0
475,1.6030845642089844,2.6390485763549805,1.6245148181915283,42.55155944824219,23788.421875,32.0,0.001,6.0,8.0,1024.0
476,0.2147500216960907,0.0667300596833229,0.258321613073349,6.493194580078125,615.755859375,32.0,0.001,6.0,10.0,64.0
477,1.353335976600647,1.8984438180923464,1.377840280532837,37.0661506652832,18190.34765625,32.0,0.001,6.0,10.0,128.0
478,1.2548147439956665,1.640941143035889,1.2809922695159912,34.867637634277344,16108.4130859375,32.0,0.001,6.0,10.0,512.0
479,1.2470335960388184,1.6223762035369873,1.2737252712249756,34.698997497558594,15973.3701171875,32.0,0.001,6.0,10.0,1024.0
480,0.7298048138618469,0.6849024891853333,0.8275883793830872,19.55365753173828,5198.05859375,32.0,0.0001,2.0,2.0,64.0
481,0.9520928859710692,1.04694664478302,1.0232040882110596,26.925033569335938,9740.1484375,32.0,0.0001,2.0,2.0,128.0
482,0.9225940704345704,0.9794929027557372,0.9896933436393738,25.338319778442383,8658.7080078125,32.0,0.0001,2.0,2.0,512.0
483,0.5536394119262695,0.4147176146507263,0.6439857482910156,15.59745979309082,3757.4873046875,32.0,0.0001,2.0,2.0,1024.0
484,0.5682286620140076,0.4341972768306732,0.6589365005493164,13.750380516052246,2627.0556640625,32.0,0.0001,2.0,4.0,64.0
485,1.3068208694458008,1.8165743350982664,1.3478034734725952,35.13252639770508,16156.36328125,32.0,0.0001,2.0,4.0,128.0
486,1.3308987617492676,1.9022585153579712,1.3792238235473633,37.09934997558594,18055.47265625,32.0,0.0001,2.0,4.0,512.0
487,1.2251055240631104,1.579764723777771,1.2568869590759275,33.59130096435547,15136.2080078125,32.0,0.0001,2.0,4.0,1024.0
488,0.7701199054718018,0.6873108744621277,0.8290421366691589,21.149394989013672,6008.880859375,32.0,0.0001,2.0,6.0,64.0
489,1.3624422550201416,2.012670993804932,1.4186863899230957,38.4429817199707,19509.529296875,32.0,0.0001,2.0,6.0,128.0
490,1.4454066753387451,2.1786375045776367,1.4760208129882812,40.38707733154297,21620.77734375,32.0,0.0001,2.0,6.0,512.0
491,1.162360906600952,1.426035761833191,1.1941673755645752,32.477630615234375,14310.5009765625,32.0,0.0001,2.0,6.0,1024.0
492,0.6059333086013794,0.503170371055603,0.7093450427055359,14.620845794677734,2989.581787109375,32.0,0.0001,2.0,8.0,64.0
493,1.5567892789840698,2.5611791610717773,1.6003684997558594,44.53882598876953,26493.13671875,32.0,0.0001,2.0,8.0,128.0
494,1.428529143333435,2.166124105453491,1.4717758893966677,40.18082809448242,21195.408203125,32.0,0.0001,2.0,8.0,512.0
495,1.5255776643753052,2.4190497398376465,1.555329442024231,42.31132507324219,24178.7265625,32.0,0.0001,2.0,8.0,1024.0
496,0.6468517184257507,0.5167582035064697,0.7188589572906494,17.57615852355957,4145.98828125,32.0,0.0001,2.0,10.0,64.0
497,1.6444185972213743,2.848349571228028,1.687705397605896,43.58326721191406,24834.1015625,32.0,0.0001,2.0,10.0,128.0
498,1.4289535284042358,2.1321840286254883,1.460199952125549,39.91944122314453,21195.212890625,32.0,0.0001,2.0,10.0,512.0
499,1.498261332511902,2.327746152877808,1.5256953239440918,41.456451416015625,23042.951171875,32.0,0.0001,2.0,10.0,1024.0
500,0.6886491775512695,0.6528751254081726,0.8080068826675415,17.718387603759766,4338.32470703125,32.0,0.0001,4.0,2.0,64.0
501,0.9953436255455016,1.1419117450714111,1.0686026811599731,27.810625076293945,10525.1806640625,32.0,0.0001,4.0,2.0,128.0
502,1.02315354347229,1.137773513793945,1.066664695739746,27.84806251525879,10343.2587890625,32.0,0.0001,4.0,2.0,512.0
503,0.9364684224128724,0.983623504638672,0.9917779564857484,25.225217819213867,8762.63671875,32.0,0.0001,4.0,2.0,1024.0
504,1.3442111015319824,1.884361267089844,1.3727203607559204,33.72217559814453,14588.00390625,32.0,0.0001,4.0,4.0,64.0
505,1.207972764968872,1.6008373498916626,1.2652419805526731,32.29143142700195,13704.3388671875,32.0,0.0001,4.0,4.0,128.0
506,1.384853720664978,2.010883092880249,1.4180561304092407,38.433204650878906,19571.171875,32.0,0.0001,4.0,4.0,512.0
507,1.3048198223114014,1.788459539413452,1.3373329639434814,35.51692199707031,16874.87109375,32.0,0.0001,4.0,4.0,1024.0
508,0.5697488188743591,0.5822393894195557,0.763046145439148,9.013435363769531,1046.5914306640625,32.0,0.0001,4.0,6.0,64.0
509,1.5361695289611816,2.460167407989502,1.56849205493927,40.48535537719727,21353.2734375,32.0,0.0001,4.0,6.0,128.0
510,1.2771341800689695,1.7857939004898071,1.3363360166549685,36.98994445800781,18070.642578125,32.0,0.0001,4.0,6.0,512.0
511,1.4210649728775024,2.0873799324035645,1.4447767734527588,38.71214294433594,19954.06640625,32.0,0.0001,4.0,6.0,1024.0
512,0.4941667020320892,0.3805801272392273,0.616911768913269,10.486066818237305,1546.89404296875,32.0,0.0001,4.0,8.0,64.0
513,0.927271008491516,1.404657244682312,1.1851823329925537,18.995811462402344,4324.24169921875,32.0,0.0001,4.0,8.0,128.0
514,1.456303358078003,2.200102567672729,1.483274221420288,39.54777526855469,20700.37890625,32.0,0.0001,4.0,8.0,512.0
515,1.5340021848678589,2.4247989654541016,1.5571765899658203,41.60457229614258,23023.7578125,32.0,0.0001,4.0,8.0,1024.0
516,0.5619460344314575,0.5823471546173096,0.763116717338562,3.653864622116089,115.99393463134766,32.0,0.0001,4.0,10.0,64.0
517,1.78611421585083,3.3037657737731934,1.817626357078552,47.264923095703125,29177.447265625,32.0,0.0001,4.0,10.0,128.0
518,1.1165159940719604,1.3488850593566897,1.1614151000976562,28.850608825683597,10957.2373046875,32.0,0.0001,4.0,10.0,512.0
519,1.889534592628479,3.708120107650757,1.9256479740142824,51.24666976928711,35072.54296875,32.0,0.0001,4.0,10.0,1024.0
520,1.1018146276474,1.3470633029937744,1.1606305837631226,29.07075309753418,11385.19140625,32.0,0.0001,6.0,2.0,64.0
521,0.9508374333381652,1.0319041013717651,1.0158268213272097,24.611719131469727,7861.357421875,32.0,0.0001,6.0,2.0,128.0
522,1.0068259239196775,1.1076650619506836,1.0524567365646362,28.000396728515625,10666.6826171875,32.0,0.0001,6.0,2.0,512.0
523,0.8823262453079224,0.9377875924110411,0.9683943390846252,22.84428977966309,7580.1083984375,32.0,0.0001,6.0,2.0,1024.0
524,0.995987355709076,1.0789473056793213,1.0387238264083862,26.50387954711914,9249.01171875,32.0,0.0001,6.0,4.0,64.0
525,1.6352827548980713,2.762171983718872,1.6619783639907837,43.36439895629883,24830.388671875,32.0,0.0001,6.0,4.0,128.0
526,1.146859645843506,1.432984471321106,1.1970733404159546,32.923980712890625,14582.1923828125,32.0,0.0001,6.0,4.0,512.0
527,1.1897920370101929,1.5198986530303955,1.232841730117798,33.22681427001953,14877.560546875,32.0,0.0001,6.0,4.0,1024.0
528,0.6304975748062134,0.534766674041748,0.7312774062156677,16.576139450073242,3661.46826171875,32.0,0.0001,6.0,6.0,64.0
529,1.3752847909927368,1.998884439468384,1.4138190746307373,35.650840759277344,16731.94921875,32.0,0.0001,6.0,6.0,128.0
530,1.520457744598389,2.390648126602173,1.5461721420288086,40.38854598999024,21271.1953125,32.0,0.0001,6.0,6.0,512.0
531,1.376736044883728,1.969311237335205,1.4033215045928955,36.8735580444336,17851.94921875,32.0,0.0001,6.0,6.0,1024.0
532,0.7429802417755127,0.8200429081916809,0.9055622220039368,12.837106704711914,2101.969482421875,32.0,0.0001,6.0,8.0,64.0
533,1.2127878665924072,1.597883224487305,1.2640740871429443,31.57695579528809,12979.9638671875,32.0,0.0001,6.0,8.0,128.0
534,1.2731989622116089,1.7131648063659668,1.308879256248474,36.033451080322266,17232.328125,32.0,0.0001,6.0,8.0,512.0
535,1.526503086090088,2.4023962020874023,1.54996657371521,40.70303726196289,21830.03515625,32.0,0.0001,6.0,8.0,1024.0
536,0.7073756456375122,0.6631104946136475,0.8143159747123718,15.64615249633789,3049.0322265625,32.0,0.0001,6.0,10.0,64.0
537,0.8702887296676636,1.1509790420532229,1.0728368759155271,19.45503616333008,4605.0693359375,32.0,0.0001,6.0,10.0,128.0
538,1.5338352918624878,2.426936149597168,1.557862639427185,41.179908752441406,22384.1484375,32.0,0.0001,6.0,10.0,512.0
539,1.410227656364441,2.064584493637085,1.4368661642074585,38.4553108215332,19463.818359375,32.0,0.0001,6.0,10.0,1024.0
540,0.5436899662017822,0.4803722202777862,0.6930888891220093,11.358538627624512,1773.9368896484375,32.0,1e-05,2.0,2.0,64.0
541,0.9964184165000916,1.1132493019104004,1.055106282234192,27.107666015625,10065.8349609375,32.0,1e-05,2.0,2.0,128.0
542,0.918548047542572,0.9825922846794128,0.991257905960083,24.24131202697754,8234.5087890625,32.0,1e-05,2.0,2.0,512.0
543,1.4154075384140017,2.109612226486206,1.452450394630432,37.783790588378906,19303.4375,32.0,1e-05,2.0,2.0,1024.0
544,0.7638831734657288,0.7537244558334351,0.8681730628013611,18.384727478027344,4445.22119140625,32.0,1e-05,2.0,4.0,64.0
545,1.0639721155166626,1.344310641288757,1.1594440937042236,27.5640811920166,10485.4619140625,32.0,1e-05,2.0,4.0,128.0
546,0.8694197535514832,0.8950222730636597,0.9460561871528624,25.06370735168457,8670.669921875,32.0,1e-05,2.0,4.0,512.0
547,1.000794768333435,1.2154545783996582,1.1024765968322754,26.969379425048828,10497.48828125,32.0,1e-05,2.0,4.0,1024.0
548,0.7392928600311279,0.7312074899673462,0.8551067113876343,17.515615463256836,4044.0751953125,32.0,1e-05,2.0,6.0,64.0
549,1.0014292001724243,1.227149248123169,1.1077677011489868,24.492618560791016,8156.71337890625,32.0,1e-05,2.0,6.0,128.0
550,0.9437859058380128,1.0070536136627195,1.0035206079483032,28.02154541015625,10740.3583984375,32.0,1e-05,2.0,6.0,512.0
551,1.2749521732330322,1.7859973907470703,1.3364121913909912,34.675926208496094,16639.26953125,32.0,1e-05,2.0,6.0,1024.0
552,0.647594690322876,0.6005755662918091,0.7749680876731873,14.378153800964355,2818.6201171875,32.0,1e-05,2.0,8.0,64.0
553,1.3720266819000244,2.067819118499756,1.4379913806915283,36.84660720825195,18176.0703125,32.0,1e-05,2.0,8.0,128.0
554,1.1314704418182373,1.4278016090393066,1.19490647315979,31.91747665405273,13709.9169921875,32.0,1e-05,2.0,8.0,512.0
555,1.0399011373519895,1.228073000907898,1.108184576034546,29.744279861450195,12313.9228515625,32.0,1e-05,2.0,8.0,1024.0
556,0.7788547873497009,0.7869749665260315,0.8871160745620728,18.19265556335449,4305.70263671875,32.0,1e-05,2.0,10.0,64.0
557,1.248882293701172,1.7116259336471558,1.30829119682312,33.13389587402344,14640.626953125,32.0,1e-05,2.0,10.0,128.0
558,1.1655855178833008,1.4571841955184937,1.2071388959884644,33.27801513671875,14953.451171875,32.0,1e-05,2.0,10.0,512.0
559,1.3587828874588013,1.9996075630187988,1.4140747785568235,36.97262191772461,18659.892578125,32.0,1e-05,2.0,10.0,1024.0
560,0.5264111161231995,0.4574577510356903,0.6763562560081482,9.233487129211426,1226.86474609375,32.0,1e-05,4.0,2.0,64.0
561,1.0180397033691406,1.2079386711120603,1.09906268119812,25.381317138671875,8449.658203125,32.0,1e-05,4.0,2.0,128.0
562,0.9656493067741394,1.0913368463516235,1.0446707010269165,26.535324096679688,9482.8828125,32.0,1e-05,4.0,2.0,512.0
563,0.7973468899726868,0.8294094204902649,0.9107191562652588,21.8874568939209,7383.5859375,32.0,1e-05,4.0,2.0,1024.0
564,0.6912497282028198,0.7098599076271057,0.8425318598747253,14.051815032958984,2633.872802734375,32.0,1e-05,4.0,4.0,64.0
565,0.8591363430023193,0.962128758430481,0.9808816313743592,21.4339656829834,6363.52490234375,32.0,1e-05,4.0,4.0,128.0
566,1.1856426000595093,1.542086482048035,1.2418076992034912,32.37954330444336,13958.2802734375,32.0,1e-05,4.0,4.0,512.0
567,0.9062649607658386,0.946396827697754,0.972829282283783,25.70105743408203,9145.6005859375,32.0,1e-05,4.0,4.0,1024.0
568,0.566117525100708,0.5365939736366272,0.7325257658958435,10.593952178955078,1710.9893798828125,32.0,1e-05,4.0,6.0,64.0
569,1.2858487367630005,1.8429090976715088,1.357537865638733,34.20274353027344,15510.5244140625,32.0,1e-05,4.0,6.0,128.0
570,1.154837131500244,1.5094821453094482,1.2286098003387451,33.19624328613281,14993.7568359375,32.0,1e-05,4.0,6.0,512.0
571,0.90001380443573,0.9305012226104736,0.9646249413490297,26.14179801940918,9314.3203125,32.0,1e-05,4.0,6.0,1024.0
572,0.6093032956123352,0.554921567440033,0.7449305653572083,12.063387870788574,2104.8427734375,32.0,1e-05,4.0,8.0,64.0
573,1.171601176261902,1.6134817600250244,1.2702289819717407,29.615617752075195,11371.150390625,32.0,1e-05,4.0,8.0,128.0
574,1.352131962776184,1.951404333114624,1.396926760673523,38.23558807373047,19566.783203125,32.0,1e-05,4.0,8.0,512.0
575,1.1856671571731567,1.5277434587478638,1.236019253730774,33.475826263427734,15615.82421875,32.0,1e-05,4.0,8.0,1024.0
576,0.5524132251739502,0.5155932903289795,0.7180482745170593,9.762950897216797,1365.511962890625,32.0,1e-05,4.0,10.0,64.0
577,0.916556477546692,1.0477159023284912,1.0235799551010132,23.614028930664062,7319.99755859375,32.0,1e-05,4.0,10.0,128.0
578,1.3917181491851809,2.0705740451812744,1.4389489889144895,38.88387298583984,20083.998046875,32.0,1e-05,4.0,10.0,512.0
579,1.1300127506256104,1.3828182220458984,1.1759328842163086,31.966426849365234,13904.572265625,32.0,1e-05,4.0,10.0,1024.0
580,0.4307394921779632,0.3109940886497497,0.5576684474945068,6.532219409942627,655.2681884765625,32.0,1e-05,6.0,2.0,64.0
581,0.92395281791687,1.0267531871795654,1.0132882595062256,24.18878746032715,7857.48974609375,32.0,1e-05,6.0,2.0,128.0
582,0.9216949939727784,1.0262397527694702,1.0130349397659302,26.49311065673828,9946.09765625,32.0,1e-05,6.0,2.0,512.0
583,0.7899356484413147,0.7864945530891418,0.8868452906608582,21.34199905395508,6917.4814453125,32.0,1e-05,6.0,2.0,1024.0
584,0.4937503635883331,0.3947845697402954,0.6283188462257385,10.150343894958496,1408.0428466796875,32.0,1e-05,6.0,4.0,64.0
585,0.8776158690452576,0.945709764957428,0.9724761247634888,23.51447486877441,7258.1708984375,32.0,1e-05,6.0,4.0,128.0
586,1.0475146770477295,1.2395424842834473,1.113347411155701,28.82134056091309,11148.88671875,32.0,1e-05,6.0,4.0,512.0
587,0.8742890357971191,0.8961334228515625,0.9466432332992554,25.359060287475582,8853.27734375,32.0,1e-05,6.0,4.0,1024.0
588,0.509035587310791,0.4668688178062439,0.6832780241966248,6.813791751861572,582.5298461914062,32.0,1e-05,6.0,6.0,64.0
589,0.8144659399986267,0.9693490266799928,0.9845552444458008,17.370105743408203,3704.78466796875,32.0,1e-05,6.0,6.0,128.0
590,1.208340764045715,1.5796282291412354,1.2568325996398926,34.59489440917969,16178.5625,32.0,1e-05,6.0,6.0,512.0
591,1.0944522619247437,1.323222279548645,1.1503139734268188,29.934438705444336,12298.703125,32.0,1e-05,6.0,6.0,1024.0
592,0.5063298344612122,0.4181197881698608,0.646621823310852,9.759428977966309,1244.29443359375,32.0,1e-05,6.0,8.0,64.0
593,0.90959495306015,0.998840630054474,0.999420166015625,23.58384323120117,7117.07861328125,32.0,1e-05,6.0,8.0,128.0
594,1.4632441997528076,2.271691083908081,1.5072129964828491,40.31697082519531,21610.185546875,32.0,1e-05,6.0,8.0,512.0
595,1.1632872819900513,1.4641830921173096,1.2100343704223633,32.893062591552734,14710.4619140625,32.0,1e-05,6.0,8.0,1024.0
596,0.5458648800849915,0.4852896928787231,0.6966273784637451,10.715717315673828,1565.4549560546875,32.0,1e-05,6.0,10.0,64.0
597,0.6933897733688354,0.7502378821372986,0.8661627173423767,14.853434562683104,2759.12109375,32.0,1e-05,6.0,10.0,128.0
598,1.3259987831115725,1.9050661325454712,1.3802412748336792,38.16252899169922,19528.748046875,32.0,1e-05,6.0,10.0,512.0
599,1.2452991008758545,1.6794379949569702,1.295931339263916,34.367408752441406,15975.5419921875,32.0,1e-05,6.0,10.0,1024.0
