date,trend,sen,volume,price
2017-12-03,31.27,2.24,5761492455.65,11256.7
2017-12-04,35.38,2.36,3216349724.24,11634.98
2017-12-05,33.32,2.25,3131952573.5,12174.25
2017-12-06,47.69,2.23,5086411370.06,13876.47
2017-12-07,92.82,2.24,16482921408.08,18491.18
2017-12-08,88.72,2.2,24144297784.14,16908.0
2017-12-09,56.92,2.27,7307194000.12,15266.43
2017-12-10,54.87,2.26,10474626172.79,15808.51
2017-12-11,64.1,2.43,7710546749.54,17106.51
2017-12-12,59.99,2.44,4686094939.57,17249.92
2017-12-13,53.84,2.15,4407769522.2,16525.04
2017-12-14,47.69,2.1,4117594354.01,16865.36
2017-12-15,42.56,2.37,6146229228.58,17978.63
2017-12-16,41.53,2.45,5116192713.26,19665.39
2017-12-17,48.71,2.36,4251128480.35,19423.58
2017-12-18,45.63,2.39,5411492204.53,19188.05
2017-12-19,50.76,2.21,6141309845.27,18174.19
2017-12-20,62.05,2.21,7509260354.08,17059.89
2017-12-21,49.74,2.21,5580926436.99,16355.24
2017-12-22,100.0,2.25,12164204097.12,14084.82
2017-12-23,62.05,2.27,5076754666.02,15241.92
2017-12-24,48.71,2.25,4129411907.77,14451.11
2017-12-25,44.61,2.3,2485439206.78,14302.75
2017-12-26,41.53,2.3,4255570625.96,16616.68
2017-12-27,37.43,2.32,4950722889.35,16373.08
2017-12-28,39.48,2.2,5266566467.59,15067.9
2017-12-29,33.32,2.19,3753038183.66,15096.56
2017-12-30,34.35,2.1,3600481281.04,13620.36
2017-12-31,25.12,2.27,2921202870.15,14839.59
2018-01-01,27.17,2.34,2345478673.52,14093.61
2018-01-02,32.13,2.07,4130217904.21,15321.93
2018-01-03,33.37,2.44,3310355625.13,15583.89
2018-01-04,32.13,2.12,4217387187.53,15976.37
2018-01-05,30.27,2.18,6275687595.94,18336.92
2018-01-06,28.41,2.27,4240919830.52,18343.66
2018-01-07,27.17,2.22,3044989246.8,17039.87
2018-01-08,32.13,2.25,5752981089.54,15900.37
2018-01-09,29.65,2.23,4214092201.81,15604.72
2018-01-10,29.03,2.31,4969472882.94,15509.27
2018-01-11,34.61,2.06,5833888113.05,14050.57
2018-01-12,27.79,2.23,4021952802.6,14759.29
2018-01-13,24.07,2.18,3134247725.13,15193.31
2018-01-14,22.21,2.11,3336056550.55,14476.59
2018-01-15,22.83,2.16,3222958351.45,14412.0
2018-01-16,44.52,2.17,9677283153.06,11723.91
2018-01-17,59.4,2.13,10225958520.62,11415.39
2018-01-18,42.66,2.25,6558304864.22,11569.42
2018-01-19,30.27,2.18,4208563477.46,11758.47
2018-01-20,24.07,2.28,4520485016.43,13260.27
2018-01-21,23.45,1.99,4319501969.01,11703.5
2018-01-22,28.41,2.34,5012581424.29,10991.6
2018-01-23,25.31,2.24,4779406610.51,10894.0
2018-01-24,22.83,2.22,3582338295.94,11277.12
2018-01-25,22.83,2.27,3204496193.3,11225.25
2018-01-26,24.07,2.17,4616389063.31,11044.91
2018-01-27,20.35,2.2,2894314081.38,11456.21
2018-01-28,18.49,2.38,2682886340.6,11665.7
2018-01-29,17.87,2.38,2345235501.18,11157.66
2018-01-30,21.59,2.31,,
2018-01-31,20.97,2.1,3804947187.23,9989.69
2018-02-01,29.03,2.11,3225562144.84,10114.5
2018-02-02,37.71,2.2,4769515274.35,9070.56
2018-02-03,25.31,2.04,6813550017.17,8830.16
2018-02-04,20.97,2.2,3422042094.73,8994.91
2018-02-05,37.71,2.1,3337096341.01,8315.52
2018-02-06,49.48,2.19,5313588642.98,6852.05
2018-02-07,31.51,2.26,9152685412.96,7711.22
2018-02-08,24.07,2.26,,
2018-02-09,20.97,2.33,3190753947.38,8208.57
2018-02-10,17.25,2.35,2960039948.91,8650.72
2018-02-11,16.01,2.2,3371677737.53,8574.68
2018-02-12,17.25,2.52,2806997176.96,8168.64
2018-02-13,16.63,2.22,3069219870.57,8911.4
2018-02-14,16.01,2.42,2551515988.22,8518.27
2018-02-15,17.25,2.42,3282094240.88,9428.03
2018-02-16,16.01,2.49,4332356645.96,10112.58
2018-02-17,14.78,2.34,3141038601.33,10155.28
2018-02-18,15.39,2.34,3699819140.17,11006.65
2018-02-19,14.16,2.29,4740378626.74,10523.43
2018-02-20,16.63,2.22,3486171704.87,11103.09
2018-02-21,16.01,2.28,4225354045.18,11502.38
2018-02-22,14.78,2.28,4574800113.4,9973.59
2018-02-23,12.3,2.5,4626064156.35,10032.86
2018-02-24,11.06,2.35,4009462976.49,10301.88
2018-02-25,9.82,2.24,3465387501.67,9742.63
2018-02-26,11.68,2.29,2743650277.56,9699.52
2018-02-27,11.68,2.33,3646748812.4,10355.58
2018-02-28,11.68,2.17,3398119467.11,10709.39
2018-03-01,10.44,2.27,3182259829.31,10346.66
2018-03-02,10.44,2.37,2892166041.05,10859.55
2018-03-03,9.82,2.3,3031487197.13,11098.08
2018-03-04,8.58,2.57,3019436740.24,11356.04
2018-03-05,9.82,2.29,2580256309.47,11286.68
2018-03-06,9.82,2.3,2693945511.01,11526.42
2018-03-07,10.44,2.11,3618749298.79,10727.72
2018-03-08,11.68,2.05,4896773758.15,9999.68
2018-03-09,14.16,2.26,4028135943.96,9420.85
2018-03-10,9.2,2.1,5476476288.95,9276.34
2018-03-11,9.2,2.25,3260891795.8,8890.87
2018-03-12,10.44,2.28,3876612721.95,9512.46
2018-03-13,9.2,2.23,4019736166.69,9232.71
2018-03-14,11.06,2.23,3628990704.01,9216.53
2018-03-15,13.54,2.26,4020163253.19,8307.22
2018-03-16,11.06,2.15,4571407139.64,8359.37
2018-03-17,9.2,2.17,3070872383.16,8520.01
2018-03-18,11.68,2.26,2591898944.23,8063.41
2018-03-19,11.06,2.15,4330642347.54,8217.84
2018-03-20,9.82,2.24,4276409099.7,8640.52
2018-03-21,9.82,2.28,3554700592.28,8926.82
2018-03-22,9.2,2.39,3081152046.02,8970.32
2018-03-23,8.58,2.17,2931676659.59,8736.39
2018-03-24,7.34,2.36,2877067842.1,8824.59
2018-03-25,7.34,2.41,2444371384.27,8621.15
2018-03-26,10.44,2.18,2066020545.39,8478.64
2018-03-27,9.2,2.21,2972024162.98,8186.2
2018-03-28,8.58,2.39,2653185409.4,7836.76
2018-03-29,10.44,2.22,2033730316.76,7930.78
2018-03-30,12.3,2.23,3680239216.32,7126.9
2018-03-31,7.96,2.22,4264255594.75,6897.27
2018-04-01,8.58,2.17,2565052340.23,6975.28
2018-04-02,9.82,2.2,2649647152.17,6836.57
2018-04-03,9.2,2.25,2253363912.17,7080.42
2018-04-04,8.58,2.3,2762080502.61,7464.36
2018-04-05,9.2,2.25,2544238382.12,6845.32
2018-04-06,10.44,2.17,2568972345.7,6855.42
2018-04-07,7.34,2.36,1840465005.57,6628.75
2018-04-08,6.72,2.18,1856418405.57,6884.48
2018-04-09,8.58,2.05,1413593787.19,6984.81
2018-04-10,7.96,2.37,2437632634.29,6778.49
2018-04-11,7.34,2.31,1550558592.49,6829.32
2018-04-12,9.82,2.43,1586992258.34,6925.1
2018-04-13,9.82,2.22,4980342880.0,7836.4
2018-04-14,6.72,2.46,3910297535.16,7845.75
2018-04-15,6.72,2.28,2294693915.24,7897.72
2018-04-16,7.34,2.26,2350690710.83,8258.07
2018-04-17,7.34,2.04,2754142166.19,8031.0
2018-04-18,7.96,2.28,2491337660.02,7873.64
2018-04-19,6.72,2.5,2326968646.29,8097.42
2018-04-20,7.96,2.55,2422027692.49,8277.46
2018-04-21,6.72,2.23,2961030105.15,8499.45
2018-04-22,6.72,2.33,3214807963.45,8878.43
2018-04-23,7.34,2.34,2503340749.61,8769.01
2018-04-24,9.82,2.67,2205498227.2,8881.39
2018-04-25,8.58,2.41,4398198651.2,9716.49
2018-04-26,7.34,2.22,5523433548.36,8825.2
2018-04-27,6.72,2.23,3847600029.56,9221.87
2018-04-28,6.1,2.29,2839339948.82,8940.38
2018-04-29,5.48,2.26,3006508147.81,9249.66
2018-04-30,6.1,2.35,2827554754.47,9325.63
2018-05-01,6.1,2.25,2508704421.02,9198.19
2018-05-02,5.48,2.16,2661071473.29,9024.39
2018-05-03,6.72,2.44,2179558786.49,9122.65
2018-05-04,6.1,2.26,1228125377.95,9551.14
2018-05-05,6.72,2.5,2695999383.51,9634.54
2018-05-06,5.48,2.09,2617990803.56,9766.24
2018-05-07,6.1,2.4,2626417557.07,9583.87
2018-05-08,6.1,2.31,2767085706.2,9308.27
2018-05-09,6.1,2.45,2455200521.73,9149.52
2018-05-10,6.1,2.41,2363841215.44,9248.96
2018-05-11,7.34,2.34,2359598426.33,8969.94
2018-05-12,5.48,2.2,3726075355.3,8405.56
2018-05-13,4.86,2.54,2995955136.91,8480.58
2018-05-14,6.1,2.32,2283320839.57,8683.99
2018-05-15,5.48,2.5,3143239503.89,8696.97
2018-05-16,5.48,2.37,2586241489.84,8473.35
2018-05-17,5.48,2.27,2772906142.39,8343.13
2018-05-18,5.48,2.52,2173653717.17,8056.05
2018-05-19,4.24,2.34,2127912775.39,8202.83
2018-05-20,4.24,2.23,1672351902.73,8180.63
2018-05-21,4.86,2.61,1660868681.5,8443.26
2018-05-22,5.48,2.39,1711697912.27,8355.0
2018-05-23,6.72,2.41,1895031387.31,8009.3
2018-05-24,6.72,2.17,2777184892.74,7556.32
2018-05-25,5.48,2.09,2602938656.91,7563.44
2018-05-26,4.24,1.98,1959178260.22,7472.02
2018-05-27,4.86,2.21,1289488237.45,7328.87
2018-05-28,5.48,2.28,1247227035.27,7326.64
2018-05-29,5.48,2.28,1770692328.4,7111.07
2018-05-30,4.86,2.33,2224251684.17,7451.23
2018-05-31,4.86,2.45,1772428207.79,7380.85
2018-06-01,4.24,2.41,1714862985.08,7460.17
2018-06-02,3.62,2.56,1637953742.81,7487.08
2018-06-03,3.62,2.79,1531230053.85,7567.51
2018-06-04,4.24,2.43,1432775393.82,7639.88
2018-06-05,4.24,2.33,1643488925.36,7463.65
2018-06-06,4.24,2.23,1754013549.83,7569.01
2018-06-07,4.24,2.52,1562705992.38,7605.58
2018-06-08,3.62,2.46,1459894514.23,7613.78
2018-06-09,3.0,2.3,1362045102.42,7561.17
2018-06-10,5.48,2.26,1102262799.21,7415.0
2018-06-11,7.96,2.24,2788497500.78,6767.5
2018-06-12,6.1,2.4,1973448735.79,6880.13
2018-06-13,7.34,2.09,2060764062.98,6581.83
2018-06-14,6.1,2.18,2571112868.45,6334.1
2018-06-15,4.86,2.16,2354179149.49,6644.72
2018-06-16,4.24,2.18,1740752641.63,6406.81
2018-06-17,3.62,2.04,1306649275.5,6478.82
2018-06-18,4.86,2.2,1120785833.18,6418.85
2018-06-19,4.86,2.3,1750367371.26,6677.53
2018-06-20,4.24,2.03,1649449915.24,6708.68
2018-06-21,4.24,2.48,1626421446.36,6714.38
2018-06-22,5.48,2.2,1400178395.53,6690.83
2018-06-23,4.86,2.01,2932411240.2,6088.58
2018-06-24,5.48,2.19,1635692582.83,6169.44
2018-06-25,4.86,2.3,2452039492.0,6159.71
2018-06-26,4.86,2.21,4326984848.15,6241.85
2018-06-27,4.24,2.22,3248018159.51,6069.87
2018-06-28,4.24,2.26,2057221707.98,6117.04
2018-06-29,5.48,2.12,1928320709.08,5879.99
2018-06-30,4.86,2.24,2341618860.2,6182.26
2018-07-01,4.26,2.24,2086842501.72,6366.5
2018-07-02,5.16,2.35,2601785821.83,6312.88
2018-07-03,4.86,2.18,3392521918.12,6595.55
2018-07-04,4.56,2.21,3013786718.65,6497.61
2018-07-05,4.86,2.12,3111969366.1,6562.72
2018-07-06,4.12,2.14,3315114737.71,6537.74
2018-07-07,3.22,2.31,4742128037.64,6603.29
2018-07-08,3.67,2.33,6047929422.83,6759.84
2018-07-09,3.97,2.13,5015170529.88,6700.64
2018-07-10,4.12,2.34,5246420831.05,6648.26
2018-07-11,4.12,2.33,4358427107.61,6303.38
2018-07-12,4.41,2.06,3969169303.74,6373.23
2018-07-13,4.12,2.01,3534743492.2,6230.59
2018-07-14,3.37,1.95,3951261052.82,6248.4
2018-07-15,3.07,2.13,3709146622.84,6246.14
2018-07-16,4.41,2.47,2857367439.54,6349.7
2018-07-17,6.94,2.34,4559363479.14,6741.69
2018-07-18,7.39,2.14,6194130741.14,7303.37
2018-07-19,6.05,2.31,4843025304.51,7334.77
2018-07-20,5.6,2.39,4107857510.67,7442.8
2018-07-21,4.26,2.14,3727831730.88,7331.87
2018-07-22,4.41,2.29,2892881147.25,7379.14
2018-07-23,5.6,2.5,5717881945.87,7395.87
2018-07-24,8.58,2.49,6202101797.7,7705.0
2018-07-25,7.69,2.46,5592076817.68,8422.37
2018-07-26,6.2,2.25,4086880124.5,8144.55
2018-07-27,5.9,2.25,3429994449.91,7929.08
2018-07-28,4.86,2.19,3624913497.95,8145.33
2018-07-29,4.41,2.34,3659115450.61,8192.14
2018-07-30,5.31,2.23,2598593361.85,8197.59
2018-07-31,5.6,2.23,3497813384.62,8185.92
2018-08-01,5.31,2.31,4675498855.42,7738.25
2018-08-02,4.71,2.33,11591125727.42,7612.3
2018-08-03,5.01,2.48,6834800615.47,7540.63
2018-08-04,4.71,2.31,5580835718.27,7411.67
2018-08-05,4.41,2.52,5952900997.75,7009.01
2018-08-06,5.01,2.2,5989412029.07,7036.61
2018-08-07,5.31,2.11,6927841831.69,6926.12
2018-08-08,6.79,2.08,6729676123.91,6711.73
2018-08-09,5.75,2.16,6834119514.69,6259.53
2018-08-10,5.75,2.24,5843796067.33,6531.25
2018-08-11,6.05,2.09,6731245061.32,6166.59
2018-08-12,4.56,2.21,5708911347.3,6205.22
2018-08-13,5.45,2.18,5507023282.25,6318.41
2018-08-14,7.24,2.21,5381627198.23,6284.0
2018-08-15,6.5,2.37,7179484727.42,6212.23
2018-08-16,5.31,2.2,6619548180.39,6267.77
2018-08-17,4.56,2.46,5982589406.96,6309.39
2018-08-18,4.26,2.21,6206194158.95,6566.72
2018-08-19,3.97,2.19,5616965845.87,6382.06
2018-08-20,4.56,2.07,5160365103.11,6475.49
2018-08-21,4.86,2.1,5578292470.7,6242.88
2018-08-22,5.75,2.37,5658517103.31,6467.27
2018-08-23,4.71,2.27,6759411527.69,6336.66
2018-08-24,4.56,2.19,6096332849.29,6521.07
2018-08-25,3.97,2.29,6913767387.86,6684.38
2018-08-26,3.52,2.26,5280060347.56,6736.04
2018-08-27,3.97,2.05,5215045899.17,6728.29
2018-08-28,5.9,2.25,5444349729.35,6911.1
2018-08-29,5.16,2.0,6246602891.55,7075.98
2018-08-30,4.86,2.07,5976493148.71,7046.75
2018-08-31,4.56,2.43,6587864491.27,7024.15
2018-09-01,4.56,2.25,5959884320.76,7027.63
2018-09-02,4.56,2.25,6257915213.84,7211.27
2018-09-03,4.41,2.53,6640164154.55,7305.27
2018-09-04,5.01,2.46,4511643009.57,7260.9
2018-09-05,6.5,2.16,5344233220.45,7359.46
2018-09-06,6.94,2.13,7036065651.08,6764.93
2018-09-07,5.45,2.26,6558109770.58,6498.28
2018-09-08,4.26,2.23,4422971841.98,6397.82
2018-09-09,3.97,2.18,3851077568.0,6181.19
2018-09-10,4.56,2.26,4174629547.59,6260.76
2018-09-11,4.71,2.14,4504626593.57,6308.14
2018-09-12,5.16,2.28,5001529025.03,6278.92
2018-09-13,5.16,2.36,5026516732.83,6330.57
2018-09-14,4.71,2.11,4987196751.84,6486.46
2018-09-15,3.97,2.16,5350596522.14,6500.01
2018-09-16,3.37,2.35,4295951323.51,6530.22
2018-09-17,4.41,2.05,4715407407.26,6506.25
2018-09-18,4.12,2.15,4600931272.4,6250.12
2018-09-19,4.26,2.29,4472798160.22,6347.07
2018-09-20,4.71,2.29,5380977505.12,6383.75
2018-09-21,5.16,2.21,5059042419.56,6491.89
2018-09-22,3.97,1.82,5931455399.76,6753.83
2018-09-23,3.82,2.83,5159534298.57,6747.03
2018-09-24,3.97,2.26,4322794079.14,6711.03
2018-09-25,4.41,2.25,4626497701.61,6596.19
2018-09-26,3.97,2.51,4580781824.21,6441.31
2018-09-27,3.97,2.32,3788299697.41,6462.8
2018-09-28,4.26,2.25,4690261094.52,6704.7
2018-09-29,3.37,2.41,3140320712.26,6634.77
2018-09-30,3.07,1.9,2294291064.49,6606.07
2018-10-01,3.37,2.29,1908960742.72,6626.04
2018-10-02,3.67,2.42,1893760872.9,6598.84
2018-10-03,3.52,2.2,2035903501.16,6524.61
2018-10-04,3.67,2.1,2247969611.2,6499.26
2018-10-05,3.52,2.16,2059404665.19,6578.7
2018-10-06,2.78,2.31,1840911129.56,6621.19
2018-10-07,2.33,2.74,1464404365.52,6589.12
2018-10-08,3.37,2.22,1499424737.46,6584.83
2018-10-09,3.82,2.1,2081626437.46,6653.09
2018-10-10,3.52,2.17,1741398466.9,6633.75
2018-10-11,5.45,2.15,2070407901.7,6582.46
2018-10-12,4.12,2.22,3581191342.77,6234.37
2018-10-13,3.37,1.96,2295615181.29,6285.59
2018-10-14,3.07,2.23,1851879464.85,6314.88
2018-10-15,4.86,2.21,1847113723.74,6328.55
2018-10-16,4.12,2.15,6217858944.02,6659.88
2018-10-17,3.67,2.42,2746546151.25,6635.13
2018-10-18,3.67,1.91,2820354466.33,6635.74
2018-10-19,3.52,2.26,2625598930.57,6517.51
2018-10-20,2.93,2.21,2652532021.93,6483.83
2018-10-21,2.78,2.59,2387105749.14,6532.68
2018-10-22,3.37,2.4,2127987152.59,6529.67
2018-10-23,3.52,2.31,2655159954.72,6512.59
2018-10-24,3.52,2.34,2784381146.57,6472.8
2018-10-25,3.82,2.16,2607022301.56,6481.44
2018-10-26,2.93,2.29,2618534041.35,6458.19
2018-10-27,2.33,2.17,2698016930.88,6468.83
2018-10-28,2.03,2.22,2383295890.56,6457.06
2018-10-29,3.37,2.19,2065446088.79,6481.32
2018-10-30,3.52,2.21,3631795693.01,6292.65
2018-10-31,3.52,2.08,1962209613.99,6331.78
2018-11-01,3.37,2.23,2042670545.03,6366.72
2018-11-02,3.07,1.98,2922702484.01,6379.97
2018-11-03,2.33,2.33,2675454291.4,6425.44
2018-11-04,2.63,2.49,2582446886.62,6388.19
2018-11-05,3.67,2.17,3198297931.75,6351.06
2018-11-06,3.22,2.14,3213571991.09,6415.44
2018-11-07,3.37,1.9,3408876943.86,6474.85
2018-11-08,3.22,2.31,3120683820.79,6574.8
2018-11-09,2.93,2.39,2402484611.46,6490.45
2018-11-10,2.18,2.38,2707057000.48,6413.78
2018-11-11,2.03,2.25,1672332107.61,6429.9
2018-11-12,3.07,2.0,2943678893.57,6434.28
2018-11-13,3.52,2.3,2651674690.98,6411.35
2018-11-14,6.64,2.15,2890964719.22,6394.29
2018-11-15,7.09,2.07,5690409836.8,5788.61
2018-11-16,5.16,2.04,4981978552.51,5686.54
2018-11-17,3.97,1.99,3236633357.05,5609.96
2018-11-18,3.37,2.15,2525819291.49,5599.19
2018-11-19,7.83,2.07,2422604400.75,5638.86
2018-11-20,12.3,2.14,6126269575.23,4889.2
2018-11-21,9.02,1.97,6314969584.02,4450.71
2018-11-22,6.2,1.97,4321511764.36,4613.45
2018-11-23,6.64,2.11,3055231902.51,4307.39
2018-11-24,6.2,2.2,3520222575.54,4376.9
2018-11-25,10.36,2.08,3115187178.44,3895.84
2018-11-26,9.47,1.97,5226773378.18,4039.84
2018-11-27,9.17,2.02,4652103083.72,3811.92
2018-11-28,7.39,2.05,4050028039.15,3832.92
2018-11-29,6.5,2.09,4973628807.7,4267.24
2018-11-30,6.2,2.34,4313265392.49,4279.48
2018-12-01,4.71,2.14,4007783472.59,4009.69
2018-12-02,4.26,2.0,3183894471.48,4189.57
2018-12-03,5.75,2.16,3242289555.82,4124.59
2018-12-04,5.6,1.82,3128854932.58,3878.84
2018-12-05,5.16,1.86,3255899964.55,3943.69
2018-12-06,6.2,2.05,3020004368.11,3751.69
2018-12-07,8.88,2.07,3672494312.32,3466.76
2018-12-08,6.05,1.86,5243194483.93,3408.52
2018-12-09,5.16,1.9,3430203804.25,3424.71
2018-12-10,5.16,2.03,2938443353.81,3550.55
2018-12-11,5.6,2.11,2614506143.33,3433.81
2018-12-12,5.16,2.0,2720740076.8,3378.81
2018-12-13,5.45,2.13,2552041789.99,3438.1
2018-12-14,5.6,2.07,2620531732.85,3294.64
2018-12-15,5.01,2.05,2663819604.59,3216.63
2018-12-16,4.12,1.99,2103029919.74,3221.98
2018-12-17,5.9,2.24,1972663570.39,3217.05
2018-12-18,6.05,2.25,3421249875.36,3506.22
2018-12-19,6.79,2.43,3898845061.8,3655.78
2018-12-20,6.79,2.25,4721562503.69,3687.75
2018-12-21,5.75,2.46,6126325232.95,4065.1
2018-12-22,4.56,2.18,4813606168.93,3846.23
2018-12-23,4.86,2.62,3568245607.75,3960.57
2018-12-24,5.9,2.94,3514437242.64,3941.62
2018-12-25,5.45,2.34,5022191528.11,4021.99
2018-12-26,5.16,2.11,4189084247.45,3759.18
2018-12-27,4.41,2.05,3568561115.83,3781.61
2018-12-28,4.71,1.79,3386167814.27,3587.7
2018-12-29,4.26,2.35,3561935968.92,3854.42
2018-12-30,3.82,2.78,3031003209.03,3778.19
2018-12-31,3.67,2.43,3109685385.46,3809.73
2019-01-01,3.52,2.37,2991427568.3,3692.53
2019-01-02,4.35,2.08,2689877851.31,3794.26
2019-01-03,4.08,2.49,3263469039.32,3872.17
2019-01-04,4.08,2.04,2261199754.99,3776.53
2019-01-05,2.97,2.06,2950054796.07,3815.27
2019-01-06,3.52,2.39,2763831883.89,3787.31
2019-01-07,3.8,2.27,3435733235.51,4013.52
2019-01-08,4.08,2.11,3360163853.4,3989.67
2019-01-09,4.08,2.21,3482430797.63,3973.59
2019-01-10,4.91,2.11,3230523440.81,3982.23
2019-01-11,4.08,2.11,4144535969.99,3623.85
2019-01-12,2.97,2.24,3263342032.79,3632.85
2019-01-13,2.97,2.42,2456062889.79,3598.44
2019-01-14,3.8,2.17,2675674829.82,3495.83
2019-01-15,3.52,2.2,3101461657.55,3648.05
2019-01-16,3.52,2.35,2953789408.23,3567.8
2019-01-17,2.97,2.26,2753646523.93,3597.65
2019-01-18,2.97,2.02,3049367561.1,3620.98
2019-01-19,2.69,1.98,2649449860.37,3597.79
2019-01-20,2.41,1.94,2766880413.28,3674.59
2019-01-21,2.69,2.36,2940644468.98,3539.17
2019-01-22,2.97,1.85,2561594564.57,3531.0
2019-01-23,2.97,2.37,2718371971.9,3571.27
2019-01-24,2.97,1.8,2663764215.3,3555.7
2019-01-25,2.41,2.11,2514079887.67,3565.64
2019-01-26,2.13,2.0,2582590473.41,3564.82
2019-01-27,1.86,2.52,2548165746.09,3563.61
2019-01-28,3.52,2.61,2882787006.77,3553.12
2019-01-29,2.97,1.92,3445780457.6,3432.22
2019-01-30,2.97,2.07,4865613085.11,3413.38
2019-01-31,2.69,1.98,4973814467.11,3457.88
2019-02-01,2.69,2.28,4330022381.2,3431.94
2019-02-02,2.13,2.41,3765731026.22,3464.49
2019-02-03,1.86,1.92,3310421843.82,3486.58
2019-02-04,2.69,1.97,2375918195.08,3454.03
2019-02-05,3.8,2.36,4454914648.72,3464.0
2019-02-06,3.52,2.31,3653777871.72,3469.89
2019-02-07,3.24,1.98,4211212356.01,3405.84
2019-02-08,3.24,1.99,3297274818.37,3394.01
2019-02-09,3.24,2.12,6293135761.36,3664.28
2019-02-10,2.69,2.28,4883557856.51,3667.41
2019-02-11,2.97,2.02,5081021129.89,3675.69
2019-02-12,2.69,2.23,5446022475.78,3631.44
2019-02-13,2.69,2.41,5532706261.95,3633.97
2019-02-14,2.69,2.26,5635612273.29,3610.06
2019-02-15,2.41,2.49,11971659893.35,3589.66
2019-02-16,1.58,2.46,4506367416.97,3601.23
2019-02-17,2.13,2.35,4019925054.64,3622.59
2019-02-18,3.8,2.14,4945386865.29,3665.08
2019-02-19,4.35,2.29,9588927258.75,3886.52
2019-02-20,3.8,2.17,5969708630.06,3915.01
2019-02-21,3.52,2.87,6377580055.13,3976.81
2019-02-22,3.24,2.45,6838246918.23,3934.81
2019-02-23,3.52,2.44,5999302845.8,3973.64
2019-02-24,4.63,2.3,8493566414.71,4115.34
2019-02-25,3.52,1.87,11112465191.14,3742.87
2019-02-26,2.97,2.22,9049456993.52,3824.68
2019-02-27,2.69,2.12,2992667601.16,3809.21
2019-02-28,2.69,2.26,7731184275.98,3813.38
2019-03-01,2.41,2.0,7627783000.61,3815.61
2019-03-02,1.58,2.17,5524886886.07,3815.75
2019-03-03,1.86,2.42,3291046239.41,3819.65
2019-03-04,2.69,2.16,6749676086.65,3806.95
2019-03-05,2.69,2.18,3608196680.95,3712.81
2019-03-06,3.24,2.58,9088065055.19,3852.46
2019-03-07,2.69,2.1,8477459044.15,3860.51
2019-03-08,2.41,2.45,6098011809.54,3871.64
2019-03-09,2.69,2.54,9387592412.25,3861.88
2019-03-10,1.86,3.0,8968209821.65,3941.6
2019-03-11,2.69,2.05,8576340543.97,3923.56
2019-03-12,2.69,2.42,6459945402.49,3860.36
2019-03-13,2.41,2.23,8326845840.67,3876.48
2019-03-14,2.13,2.15,7240802846.75,3865.82
2019-03-15,2.13,1.91,8610482287.35,3876.7
2019-03-16,2.41,2.28,8157372614.81,3925.46
2019-03-17,1.58,2.06,8463266884.8,4007.71
2019-03-18,2.97,2.42,6533306536.99,3980.99
2019-03-19,2.97,1.97,7639543944.6,3986.71
2019-03-20,2.69,2.44,7503839510.97,4013.58
2019-03-21,2.69,2.29,9137227916.15,4045.57
2019-03-22,2.41,2.09,9845582434.37,3983.32
2019-03-23,2.41,1.94,9404569962.85,3989.16
2019-03-24,1.58,1.98,9206940724.65,4008.95
2019-03-25,2.41,1.99,9883972400.78,3993.39
2019-03-26,2.13,2.01,10661215003.02,3927.58
2019-03-27,2.97,1.88,19375985748.47,3938.66
2019-03-28,2.41,2.28,16215886403.31,4036.16
2019-03-29,2.69,1.88,15160882530.76,4028.39
2019-03-30,2.13,2.08,16340416942.47,4103.32
2019-03-31,1.86,1.82,13007834059.59,4103.86
2019-04-01,2.97,1.81,9729996888.26,4103.52
2019-04-02,10.17,2.14,12393581266.93,4146.32
2019-04-03,10.45,2.21,24241877355.47,4862.23
2019-04-04,7.12,2.31,27840300618.85,4955.83
2019-04-05,5.18,2.03,23773239680.78,4899.02
2019-04-06,4.35,2.53,20072621554.05,5014.96
2019-04-07,4.35,2.21,19652913084.11,5041.87
2019-04-08,5.46,2.48,22875598540.27,5176.98
2019-04-09,5.18,2.45,21960916922.81,5266.89
2019-04-10,4.91,2.29,15780870292.55,5172.18
2019-04-11,4.91,2.19,19407452726.87,5308.91
2019-04-12,4.35,2.25,19758274668.34,5047.79
2019-04-13,3.24,2.24,15595642633.84,5082.47
2019-04-14,2.97,2.34,12260233700.58,5072.99
2019-04-15,4.08,2.47,12373544680.89,5149.31
2019-04-16,3.8,2.59,13837248984.64,5039.88
2019-04-17,4.08,2.46,13646324289.84,5213.6
2019-04-18,4.08,2.26,14530488675.95,5218.96
2019-04-19,3.8,1.82,15343841014.06,5274.77
2019-04-20,3.52,2.53,16257796673.89,5280.35
2019-04-21,3.24,2.24,14990889921.79,5307.69
2019-04-22,4.08,2.36,16383813161.83,5311.16
2019-04-23,6.02,2.47,17199396916.73,5380.94
2019-04-24,4.91,2.32,19400647819.94,5557.93
2019-04-25,4.63,2.2,20538511242.26,5452.1
2019-04-26,4.35,1.99,19329534423.79,5203.09
2019-04-27,4.08,2.53,19632024917.71,5295.85
2019-04-28,2.97,2.22,14876251954.4,5256.98
2019-04-29,3.24,2.0,15573084968.74,5257.8
2019-04-30,3.52,2.14,15442022886.73,5199.76
2019-05-01,3.24,1.79,16794865767.2,5292.8
2019-05-02,3.52,2.28,14566414699.69,5354.59
2019-05-03,4.91,2.34,16512618030.61,5450.71
2019-05-04,4.63,2.43,20006287572.08,5731.49
2019-05-05,4.08,2.17,19242843059.83,5803.94
2019-05-06,4.08,2.17,16184057012.27,5749.32
2019-05-07,5.18,2.4,16811224132.04,5715.76
2019-05-08,5.46,1.99,19408267639.19,5841.05
2019-05-09,6.57,2.27,16672412472.11,5957.86
2019-05-10,7.4,2.43,18401396126.04,6168.27
2019-05-11,10.17,2.32,20801839693.04,6370.23
2019-05-12,11.28,2.49,32480039429.77,7258.26
2019-05-13,12.11,2.42,31545333636.54,6953.75
2019-05-14,14.33,2.24,32078035930.77,7805.98
2019-05-15,11.56,2.27,35426123184.64,7990.06
2019-05-16,10.73,2.12,30893707828.04,8192.22
2019-05-17,11.0,2.11,35026947533.93,7875.91
2019-05-18,7.68,2.06,33030146385.78,7343.37
2019-05-19,8.23,2.51,22478772524.43,7300.66
2019-05-20,7.96,2.29,30747684364.46,8168.73
2019-05-21,8.23,2.09,28621475467.77,7976.85
2019-05-22,7.4,2.4,25314342979.05,7958.37
2019-05-23,6.85,2.17,24589881451.4,7665.8
2019-05-24,7.12,2.51,25345060242.59,7861.81
2019-05-25,6.02,2.44,27368459147.2,7977.24
2019-05-26,6.57,2.46,23978335158.48,8037.63
2019-05-27,10.45,2.58,29224396883.37,8631.08
2019-05-28,8.79,2.15,33136840741.26,8816.03
2019-05-29,7.96,2.06,27335990651.15,8726.98
2019-05-30,8.51,2.33,28214892246.82,8650.68
2019-05-31,7.68,2.2,33295240431.36,8310.89
2019-06-01,6.29,2.76,30329343188.81,8575.65
2019-06-02,6.29,2.17,26683797989.86,8554.26
2019-06-03,6.85,2.34,25133975363.26,8743.71
2019-06-04,7.68,2.34,24486741553.27,8173.63
2019-06-05,6.57,2.31,25442100899.75,7683.64
2019-06-06,6.02,2.47,24641673547.48,7812.45
2019-06-07,6.02,2.61,24560046377.83,7821.12
2019-06-08,4.35,2.7,23629265497.41,8036.11
2019-06-09,4.63,2.37,19829877310.71,7942.54
2019-06-10,5.18,2.11,20152037017.92,7668.03
2019-06-11,5.46,2.25,21741587787.87,8002.73
2019-06-12,5.46,1.98,21017248550.3,7897.98
2019-06-13,5.46,2.33,22181532883.5,8145.06
2019-06-14,5.74,2.14,22919390183.84,8227.63
2019-06-15,6.02,2.25,23291543613.43,8671.51
2019-06-16,8.79,2.41,21892878336.79,8818.61
2019-06-17,8.51,2.39,27305637341.28,8978.77
2019-06-18,8.51,1.99,27464356714.4,9312.87
2019-06-19,7.68,2.4,25029522786.91,9094.02
2019-06-20,7.4,2.18,22298101529.46,9285.93
2019-06-21,10.17,2.39,24707058599.12,9548.31
2019-06-22,17.93,2.43,28580960082.62,10118.36
2019-06-23,12.11,2.5,40190146696.56,10704.92
2019-06-24,12.11,2.16,29108428088.36,10846.13
2019-06-25,13.78,2.36,27529761440.99,11045.55
2019-06-26,25.14,2.41,33544426408.46,11808.42
2019-06-27,20.71,2.24,56948964491.47,12996.12
2019-06-28,16.27,2.59,49628524363.0,11178.68
2019-06-29,11.84,2.39,44872003180.55,12352.2
2019-06-30,10.17,2.35,37724824506.93,11972.56
2019-07-01,11.08,2.11,34920211165.4,10888.1
2019-07-02,11.99,2.16,37463414436.63,10639.05
2019-07-03,10.17,2.36,39264695559.41,10822.76
2019-07-04,10.17,2.26,39944515601.67,11975.64
2019-07-05,9.26,2.21,32487314999.66,11229.61
2019-07-06,6.53,2.34,31349147296.84,10987.25
2019-07-07,6.53,2.16,28013279880.59,11279.48
2019-07-08,9.26,2.11,25828700446.95,11436.43
2019-07-09,11.08,2.21,30917398835.99,12260.28
2019-07-10,11.08,2.24,35885342263.04,12544.17
2019-07-11,11.08,2.13,42163626088.16,12166.4
2019-07-12,9.26,2.22,37061858272.53,11385.06
2019-07-13,7.44,2.09,30078548879.93,11804.56
2019-07-14,8.35,2.38,28485045772.44,11418.51
2019-07-15,9.26,2.31,29857566850.99,10285.46
2019-07-16,10.17,2.12,37553147017.33,10911.35
2019-07-17,11.08,2.05,34409824868.74,9538.83
2019-07-18,9.26,2.24,33328381504.62,9657.3
2019-07-19,8.35,2.11,34034952895.23,10636.16
2019-07-20,6.53,2.55,28858600367.99,10536.57
2019-07-21,6.53,1.96,26163874235.14,10774.28
2019-07-22,6.53,2.23,22814710058.3,10607.46
2019-07-23,7.44,2.4,21903683695.26,10343.32
2019-07-24,7.44,2.15,22986552398.15,9936.38
2019-07-25,6.53,2.35,33861034798.83,9799.31
2019-07-26,5.62,2.06,21622492404.32,9878.23
2019-07-27,6.53,2.17,19942172080.92,9846.0
2019-07-28,5.62,2.17,21257664351.47,9447.68
2019-07-29,5.62,2.25,18649152592.72,9534.76
2019-07-30,5.62,2.0,18424113909.5,9510.59
2019-07-31,6.53,2.47,20138691741.08,9568.44
2019-08-01,6.53,2.64,22957330875.71,10063.0
2019-08-02,6.53,2.55,23668036460.12,10361.31
2019-08-03,5.62,2.08,24128945574.58,10529.17
2019-08-04,5.62,2.24,22296222952.51,10791.2
2019-08-05,10.17,2.02,23160251364.76,10951.59
2019-08-06,9.26,2.33,30944497414.37,11818.53
2019-08-07,8.35,2.1,31588470767.84,11510.16
2019-08-08,7.44,2.1,30083670251.8,11970.66
2019-08-09,6.53,2.13,26678574728.14,12024.33
2019-08-10,6.53,2.18,26240065034.99,11852.56
2019-08-11,5.62,2.27,24949094386.51,11327.84
2019-08-12,5.62,2.14,23042219585.48,11550.0
2019-08-13,6.53,2.07,19933740545.56,11381.24
2019-08-14,6.53,2.06,22886684527.87,10903.65
2019-08-15,8.35,2.19,26620934497.85,10016.22
2019-08-16,6.53,2.47,31003755661.56,10295.88
2019-08-17,5.62,2.55,28168163140.75,10324.99
2019-08-18,4.71,2.31,20998246406.66,10224.22
2019-08-19,6.53,2.08,19708814223.24,10309.87
2019-08-20,6.53,2.41,22097997941.55,10895.97
2019-08-21,6.53,2.24,19460170323.01,10743.79
2019-08-22,5.62,2.17,22757336326.19,10124.06
2019-08-23,5.62,2.38,20144228964.47,10127.79
2019-08-24,4.71,2.09,18313019852.75,10385.51
2019-08-25,4.71,2.2,21187546608.0,10145.01
2019-08-26,5.62,2.44,17899166778.01,10090.06
2019-08-27,5.62,2.23,23392461462.61,10334.91
2019-08-28,5.62,2.13,20937236587.03,10167.89
2019-08-29,6.53,2.13,22948105441.57,9753.49
2019-08-30,52.07,2.14,20461661030.39,9485.14
2019-08-31,88.5,2.78,16388578393.61,9588.99
2019-09-01,84.86,2.6,15364904438.86,9607.29
2019-09-02,70.28,2.5,15003447441.31,9729.27
2019-09-03,66.64,2.44,20258697359.12,10323.02
2019-09-04,73.93,2.24,23588848898.32,10620.17
2019-09-05,78.48,2.73,21198071664.66,10573.52
2019-09-06,60.27,2.26,18952591605.05,10570.25
2019-09-07,39.32,2.16,23555216964.16,10350.75
2019-09-08,38.41,2.29,18658457493.75,10461.55
2019-09-09,37.5,2.05,16804085431.16,10404.33
2019-09-10,33.85,2.25,21012460993.66,10321.93
2019-09-11,35.67,2.53,17425806760.66,10121.1
2019-09-12,36.59,2.3,19989784060.8,10150.71
2019-09-13,37.5,2.36,17986804176.94,10401.32
2019-09-14,37.5,2.62,16650634275.92,10355.63
2019-09-15,36.59,2.32,16529697331.08,10349.55
2019-09-16,34.76,1.85,13781855194.27,10305.68
2019-09-17,34.76,2.19,17580630287.95,10268.42
2019-09-18,33.85,2.11,17279102873.15,10203.07
2019-09-19,33.85,2.24,18848349197.55,10158.85
2019-09-20,31.12,2.01,23532550737.76,10253.23
2019-09-21,31.12,2.3,17281137871.79,10178.44
2019-09-22,30.21,2.42,15973816316.06,9997.2
2019-09-23,28.39,2.34,16268084726.89,10041.3
2019-09-24,26.57,2.19,17797331461.86,9699.5
2019-09-25,25.66,2.31,27762368999.15,8702.71
2019-09-26,23.83,2.1,25000732108.21,8446.24
2019-09-27,9.26,2.19,22627889543.82,8098.81
2019-09-28,4.71,2.52,19755414533.47,8183.48
2019-09-29,4.71,2.32,17936691398.41,8225.11
2019-09-30,5.62,2.26,16673592219.88,8064.38
2019-10-01,4.71,2.42,21681424234.68,8271.29
2019-10-02,4.71,2.59,17832872037.12,8366.5
2019-10-03,4.71,2.69,17676173879.15,8350.13
2019-10-04,3.8,2.19,17383555314.28,8176.35
2019-10-05,3.8,2.6,16931274118.13,8156.52
2019-10-06,3.8,2.25,16751341177.8,8140.24
2019-10-07,4.71,1.89,16860212059.08,7890.23
2019-10-08,4.71,2.15,21702135918.51,8182.25
2019-10-09,4.71,2.38,19349468269.5,8180.69
2019-10-10,4.71,2.2,21622617282.77,8573.06
2019-10-11,3.8,2.12,21307956536.77,8561.52
2019-10-12,2.89,2.17,22522161253.61,8277.85
2019-10-13,2.89,2.08,18009645880.92,8308.47
2019-10-14,3.8,2.27,17006193531.89,8289.5
2019-10-15,3.8,2.09,17384052860.81,8347.35
2019-10-16,3.8,2.13,17879549108.63,8175.86
2019-10-17,3.8,2.01,18700096464.79,8010.3
2019-10-18,3.8,2.36,17154383746.94,8079.93
2019-10-19,2.89,1.87,18867966948.33,7957.31
2019-10-20,2.89,2.19,16704267725.14,7949.8
2019-10-21,3.8,2.47,18477598769.79,8208.36
2019-10-22,3.8,2.65,17608633115.74,8220.92
2019-10-23,5.62,2.23,19789278104.49,8045.29
2019-10-24,4.71,2.23,23372887462.74,7468.53
2019-10-25,5.62,2.33,18827850066.72,7433.92
2019-10-26,10.17,2.46,33573878835.95,8652.03
2019-10-27,5.62,2.11,49973845766.75,9217.24
2019-10-28,6.53,2.45,38396780063.8,9502.02
2019-10-29,5.62,1.99,36102429175.36,9239.9
2019-10-30,4.71,2.51,32395177164.65,9407.16
2019-10-31,4.71,2.28,30846909824.02,9171.87
2019-11-01,3.8,2.6,30452200168.01,9151.82
2019-11-02,3.8,2.0,28239184318.82,9233.41
2019-11-03,2.89,2.32,24723381192.26,9302.83
2019-11-04,3.8,2.57,24204135432.76,9204.29
2019-11-05,4.71,2.58,30915689705.66,9378.95
2019-11-06,4.71,2.53,30247351915.8,9300.37
2019-11-07,3.8,2.3,28787468129.58,9340.05
2019-11-08,3.8,2.43,27099310469.65,9221.07
2019-11-09,3.8,1.98,30263888374.65,8795.9
2019-11-10,2.89,2.15,22726115538.66,8809.78
2019-11-11,3.8,2.26,24973742612.69,9043.67
2019-11-12,3.8,1.97,24569575079.6,8729.92
2019-11-13,3.8,2.23,25677565875.97,8806.75
2019-11-14,2.89,2.57,22919706604.19,8770.78
2019-11-15,2.89,2.39,24149531741.88,8652.03
2019-11-16,2.89,1.9,27102692384.58,8480.44
2019-11-17,2.89,2.03,21153024163.07,8496.38
2019-11-18,2.89,3.0,22808991914.56,8508.5
2019-11-19,4.71,2.1,25563738775.74,8202.83
2019-11-20,3.8,2.34,24993518393.55,8138.83
2019-11-21,4.71,2.17,23442272034.87,8095.87
2019-11-22,6.53,2.05,26390689050.1,7632.49
2019-11-23,4.71,1.96,39111609334.14,7293.01
2019-11-24,3.8,2.15,23984198665.43,7309.69
2019-11-25,6.53,2.37,25073885715.22,6935.74
2019-11-26,5.62,2.55,34693320000.27,7118.26
2019-11-27,4.71,2.44,25650766567.62,7157.68
2019-11-28,4.71,2.61,28972696169.34,7483.75
2019-11-29,3.8,2.68,22282583660.63,7438.62
2019-11-30,3.8,2.98,23595242633.93,7720.87
2019-12-01,2.89,2.33,19070509164.52,7556.4
2019-12-02,3.8,2.13,22892863739.74,7405.81
2019-12-03,3.8,2.08,19403364523.0,7308.98
2019-12-04,3.8,2.28,17246866850.79,7286.08
2019-12-05,3.8,2.06,24794733347.33,7209.97
2019-12-06,2.89,2.39,22344057773.82,7373.78
2019-12-07,2.89,2.0,20930338571.63,7530.92
2019-12-08,2.89,2.04,17579259210.78,7493.55
2019-12-09,2.89,1.81,17330633418.24,7508.32
2019-12-10,2.89,2.15,19646929698.94,7347.04
2019-12-11,3.8,2.46,19546221321.51,7233.95
2019-12-12,3.8,2.57,18016936696.23,7197.43
2019-12-13,2.89,2.25,19829801017.96,7200.71
2019-12-14,2.89,2.56,18535665729.1,7247.35
2019-12-15,2.89,2.05,19497758114.15,7081.74
2019-12-16,3.8,2.43,18896096612.08,7108.56
2019-12-17,4.71,2.23,22208927988.54,6901.04
2019-12-18,4.71,2.18,26481385708.66,6627.16
2019-12-19,4.71,2.28,57308255783.65,7274.77
2019-12-20,3.8,2.44,23539013331.22,7152.56
2019-12-21,2.89,2.43,22483207163.88,7185.44
2019-12-22,2.89,2.81,18632480432.84,7141.55
2019-12-23,4.71,2.58,24325792143.84,7488.2
2019-12-24,3.8,2.79,30235862118.68,7335.21
2019-12-25,2.89,2.33,26519710985.48,7266.61
2019-12-26,3.8,2.36,23546783550.72,7204.18
2019-12-27,3.8,2.98,24771695136.05,7208.49
2019-12-28,2.89,2.21,25893684880.0,7247.62
2019-12-29,2.89,2.56,21437778061.88,7307.89
2019-12-30,2.89,2.42,22035194451.01,7394.03
2019-12-31,2.89,2.29,22320671263.72,7240.43
2020-01-01,3.8,2.33,21187883711.18,7195.15
2020-01-02,4.06,2.02,18123516838.9,7193.75
2020-01-03,4.59,2.2,20313194628.09,6963.85
2020-01-04,4.59,2.29,31015776262.22,7300.35
2020-01-05,4.33,2.26,20611640058.34,7351.38
2020-01-06,5.13,2.65,21929224570.56,7349.97
2020-01-07,6.72,2.49,28148518761.51,7734.68
2020-01-08,7.78,2.5,34823187724.29,8147.42
2020-01-09,5.66,2.12,39971512000.07,8045.79
2020-01-10,5.13,2.55,29276053440.88,7832.8
2020-01-11,4.86,2.5,35777298156.26,8180.51
2020-01-12,4.33,2.5,31504583511.04,8012.09
2020-01-13,4.33,2.2,27533390875.52,8171.4
2020-01-14,7.52,2.38,27962176780.63,8110.65
2020-01-15,6.99,2.41,55384169405.52,8801.87
2020-01-16,5.66,2.75,48160401007.25,8820.85
2020-01-17,5.92,2.6,36462155571.22,8720.92
2020-01-18,5.39,2.39,41671910798.34,8902.57
2020-01-19,6.19,2.3,36801813631.51,8906.9
2020-01-20,5.39,2.47,39242297095.94,8690.38
2020-01-21,5.13,2.46,29527689342.89,8631.25
2020-01-22,4.59,2.39,27057681779.75,8724.82
2020-01-23,4.86,2.55,25628542094.5,8665.44
2020-01-24,4.33,2.78,30696020541.21,8415.96
2020-01-25,3.8,2.32,30691734305.13,8432.1
2020-01-26,3.53,1.98,26582198966.3,8348.67
2020-01-27,5.13,2.61,30241155463.27,8595.73
2020-01-28,6.19,2.59,39661537339.92,8879.34
2020-01-29,6.45,2.21,49812761504.13,9320.81
2020-01-30,6.45,2.32,47273353143.76,9276.89
2020-01-31,5.92,2.49,51037775414.98,9509.81
2020-02-01,4.86,2.45,50102814005.68,9308.06
2020-02-02,5.39,2.51,48307978233.85,9363.22
2020-02-03,5.13,2.16,55025402183.68,9338.42
2020-02-04,5.66,2.51,56824765307.81,9308.91
2020-02-05,5.92,2.27,55377658455.62,9179.96
2020-02-06,6.72,2.43,65675565620.91,9592.18
2020-02-07,5.92,2.68,71141695218.04,9744.64
2020-02-08,5.66,2.52,69495711755.63,9799.45
2020-02-09,7.78,2.45,71561797135.2,9890.7
2020-02-10,6.99,2.09,78110955304.52,10148.38
2020-02-11,6.99,2.29,81406687324.35,9890.12
2020-02-12,8.31,2.36,38930644711.9,10226.93
2020-02-13,7.52,2.38,45456624047.83,10328.9
2020-02-14,6.19,2.52,54151236617.56,10221.26
2020-02-15,6.19,2.14,50206573483.05,10320.16
2020-02-16,5.66,1.9,51460340288.9,9894.14
2020-02-17,6.19,2.15,42364906261.05,9943.67
2020-02-18,5.92,2.42,48517591137.47,9723.61
2020-02-19,6.99,2.54,54648014949.72,10133.82
2020-02-20,6.45,2.35,50502739123.75,9618.41
2020-02-21,5.39,2.35,53579139400.81,9608.17
2020-02-22,4.59,1.91,37678167400.72,9673.01
2020-02-23,5.13,2.55,32555342237.08,9658.61
2020-02-24,5.92,2.51,38743680759.33,9946.72
2020-02-25,5.39,2.17,41928789500.12,9670.96
2020-02-26,6.72,2.35,39441760776.32,9345.34
2020-02-27,6.72,2.17,45140119229.64,8801.66
2020-02-28,6.72,2.2,43045469000.98,8781.18
2020-02-29,5.39,2.03,41297721067.3,8717.33
2020-03-01,5.13,2.48,33291626663.01,8552.99
2020-03-02,5.66,2.37,34310775733.32,8567.8
2020-03-03,5.39,1.9,59776629742.57,8905.88
2020-03-04,5.39,2.1,68336042797.39,8756.72
2020-03-05,5.66,2.2,38832067216.88,8758.65
2020-03-06,5.66,2.38,38122635173.15,9038.87
2020-03-07,4.59,2.14,41388087588.44,9135.85
2020-03-08,5.66,2.57,36764763103.12,8902.2
2020-03-09,10.7,2.2,39132209137.7,8041.37
2020-03-10,8.05,2.21,45678665163.11,7921.33
2020-03-11,6.19,2.14,40882213633.95,7906.73
2020-03-12,16.81,2.14,38689036552.81,7935.52
2020-03-13,23.99,2.2,50009548492.07,5142.99
2020-03-14,14.69,2.22,74329688818.1,5542.82
2020-03-15,11.77,1.82,36054625746.83,5214.19
2020-03-16,14.95,1.86,32985693209.75,5397.93
2020-03-17,12.56,2.1,44034438467.97,5032.5
2020-03-18,11.77,2.31,36007089253.82,5389.42
2020-03-19,13.1,2.09,37618067230.41,5376.28
2020-03-20,12.83,2.13,48056214948.16,6170.2
2020-03-21,10.97,2.01,50936770688.25,6195.6
2020-03-22,9.11,1.95,40189198131.46,6145.77
2020-03-23,9.91,2.28,37255748385.3,5859.65
2020-03-24,9.91,2.09,45578824447.65,6456.35
2020-03-25,8.85,2.13,45846522059.37,6730.17
2020-03-26,7.52,1.92,42082295491.03,6695.9
2020-03-27,6.72,2.35,34840544710.11,6765.56
2020-03-28,7.78,2.05,32910551599.47,6397.83
2020-03-29,7.52,1.76,35231848358.55,6255.0
2020-03-30,7.52,2.0,25923471292.18,5915.34
2020-03-31,6.72,2.29,34907149977.58,6403.14
2020-04-01,6.19,2.25,32287674952.18,6421.71
2020-04-02,8.05,2.47,35886963977.72,6640.8
2020-04-03,6.99,2.19,47638672293.74,6807.9
2020-04-04,6.99,1.9,39867535857.25,6732.85
2020-04-05,6.19,1.98,35009177102.13,6859.42
2020-04-06,8.31,2.42,31885662165.01,6788.05
2020-04-07,8.31,1.95,45370138560.82,7297.64
2020-04-08,6.99,2.09,43386074290.71,7196.78
2020-04-09,6.99,2.18,38922547592.86,7342.29
2020-04-10,6.99,1.74,34921486435.06,7294.49
2020-04-11,6.99,2.3,37828011010.9,6864.69
2020-04-12,6.72,2.22,30280054180.29,6878.78
2020-04-13,7.25,1.87,34544392366.05,6913.16
2020-04-14,6.72,2.07,38062368291.08,6857.54
2020-04-15,6.45,2.14,33837365577.45,6860.18
2020-04-16,7.25,2.36,29692916171.01,6629.43
2020-04-17,6.19,2.46,45752002264.27,7059.93
2020-04-18,6.19,2.12,31701906839.62,7035.26
2020-04-19,6.19,1.93,30035235468.33,7242.51
2020-04-20,6.19,2.2,29714765522.33,7127.51
2020-04-21,6.45,2.18,35276609104.46,6856.46
2020-04-22,6.19,2.25,30093303601.39,6842.04
2020-04-23,7.25,2.42,30819547915.34,7110.0
2020-04-24,7.52,2.54,41032858925.24,7382.79
2020-04-25,6.72,2.52,33233126913.0,7495.39
2020-04-26,6.45,2.12,31610167152.12,7538.56
2020-04-27,7.52,2.25,33760863612.13,7683.87
2020-04-28,7.25,2.02,35205525351.9,7774.28
2020-04-29,11.5,2.47,32855687796.97,7758.23
2020-04-30,13.89,2.17,60399592065.54,8744.43
2020-05-01,10.17,2.29,65838312160.09,8610.64
2020-05-02,9.11,2.62,44773967197.55,8824.82
2020-05-03,9.64,2.11,39177855720.33,8966.31
2020-05-04,8.58,2.23,45617019157.37,8888.67
2020-05-05,8.85,2.3,44698213713.39,8884.41
2020-05-06,10.44,2.43,43436234291.97,9003.24
2020-05-07,12.3,2.37,48538811466.8,9144.69
2020-05-08,14.69,2.31,61712313964.69,9959.17
2020-05-09,13.1,2.36,50955646313.41,9821.81
2020-05-10,16.55,2.13,46706541180.1,9566.78
2020-05-11,20.0,2.39,61704475184.53,8752.62
2020-05-12,13.89,2.11,57996080837.49,8604.75
2020-05-13,11.5,2.16,39515455755.73,8788.47
2020-05-14,12.3,2.28,44239951916.52,9283.09
2020-05-15,10.17,1.96,52076585310.72,9796.49
2020-05-16,8.58,2.33,44866846516.38,9309.3
2020-05-17,9.11,2.31,34146492788.29,9375.3
2020-05-18,9.38,2.27,35650032953.97,9666.33
2020-05-19,8.31,2.16,38922896809.95,9708.44
2020-05-20,8.31,2.2,37077538114.72,9760.2
2020-05-21,8.85,2.38,34829170074.82,9526.51
2020-05-22,7.78,2.34,35965016693.72,9059.96
2020-05-23,6.99,2.35,27700943119.84,9131.77
2020-05-24,7.25,2.36,26159735072.08,9170.36
2020-05-25,8.31,2.54,29437505507.2,8731.85
2020-05-26,7.25,2.27,29130957734.1,8883.69
2020-05-27,6.99,2.18,26860828302.62,8839.13
2020-05-28,7.25,2.19,28916177009.89,9174.12
2020-05-29,6.72,2.0,31771100326.33,9546.05
2020-05-30,6.45,2.31,28880265574.93,9427.12
2020-05-31,6.19,2.4,30231487421.64,9662.71
2020-06-01,6.19,2.51,27396663221.15,9466.96
2020-06-02,9.91,2.57,33702539853.51,10167.93
2020-06-03,7.78,2.22,36841150778.64,9515.24
2020-06-04,6.72,2.27,25222025158.96,9645.23
2020-06-05,6.45,2.08,24903069188.4,9776.2
2020-06-06,5.39,2.34,23447982002.19,9636.97
2020-06-07,6.45,1.99,19374357195.06,9662.86
2020-06-08,5.92,2.41,23856639264.76,9738.6
2020-06-09,5.92,2.23,21154971285.09,9773.03
2020-06-10,6.19,2.43,22844271951.21,9767.01
2020-06-11,6.99,2.2,24398738299.65,9874.9
2020-06-12,6.45,2.5,31225155444.62,9326.0
2020-06-13,5.39,2.36,23601462338.14,9469.53
2020-06-14,5.39,2.69,19693461096.5,9469.47
2020-06-15,6.19,2.23,18836155988.9,9345.96
2020-06-16,5.66,2.42,29160908896.9,9431.72
2020-06-17,5.39,2.26,26391020757.05,9524.93
2020-06-18,5.39,2.23,23643218251.14,9463.36
2020-06-19,5.39,2.67,20601074385.5,9399.77
2020-06-20,4.86,2.22,23738525501.72,9312.78
2020-06-21,4.59,2.35,19774464252.77,9360.25
2020-06-22,5.39,2.62,18986237382.05,9298.36
2020-06-23,5.66,2.23,24768621256.84,9678.68
2020-06-24,5.66,2.32,17756804210.06,9624.68
2020-06-25,5.39,2.05,23183760291.75,9288.06
2020-06-26,4.86,2.04,23499175984.22,9258.67
2020-06-27,4.86,2.27,22429204010.64,9166.49
2020-06-28,5.66,1.92,21515626881.1,9013.91
2020-06-29,5.39,2.15,19665935216.7,9139.9
2020-06-30,5.13,2.33,19754459582.75,9185.17
2020-07-01,5.13,2.22,19741435780.49,9149.72
2020-07-02,5.13,2.49,20005031554.02,9230.67
2020-07-03,4.74,2.6,19379463385.3,9094.32
2020-07-04,4.36,2.01,17420495829.39,9071.39
2020-07-05,4.74,2.95,16643732672.69,9132.91
2020-07-06,5.13,2.3,17324463886.38,9087.41
2020-07-07,4.74,2.67,21987059041.69,9342.38
2020-07-08,5.51,2.5,18945747769.32,9253.63
2020-07-09,5.13,2.49,20708592426.03,9432.17
2020-07-10,5.13,2.28,19480413474.24,9235.72
2020-07-11,4.36,1.85,18224423467.74,9282.91
2020-07-12,4.74,2.37,16167064476.28,9234.31
2020-07-13,5.13,2.1,17173962879.69,9297.48
2020-07-14,5.51,2.62,18245667827.01,9240.76
2020-07-15,6.28,2.91,19147263017.23,9247.06
2020-07-16,7.82,1.68,16565948994.91,9203.37
2020-07-17,5.13,1.68,18760484380.28,9136.48
2020-07-18,8.21,2.56,16500659021.76,9156.28
2020-07-19,4.36,2.52,15638459042.9,9168.4
2020-07-20,4.36,2.51,16085385661.98,9202.62
2020-07-21,5.13,2.61,17080393205.35,9163.16
2020-07-22,5.13,2.13,20048075731.25,9384.38
2020-07-23,5.9,2.05,19702428931.33,9514.3
2020-07-24,5.9,2.58,26966148756.41,9589.82
2020-07-25,5.9,2.45,35810926084.94,9535.94
2020-07-26,7.82,2.66,36726067828.37,9691.83
2020-07-27,12.06,2.38,19713211084.56,9925.75
2020-07-28,13.6,2.5,34694788843.59,10962.26
2020-07-29,10.52,2.35,27637575180.45,10904.92
2020-07-30,8.59,2.47,23642111784.05,11093.61
2020-07-31,9.36,2.65,22265381996.19,11116.31
2020-08-01,11.67,2.54,22329797905.44,11325.55
2020-08-02,10.9,2.2,26198946496.28,11812.09
2020-08-03,9.36,2.46,27584591853.07,11066.31
2020-08-04,7.82,2.66,20583344056.84,11230.91
2020-08-05,8.98,2.5,20527193170.96,11181.92
2020-08-06,9.36,2.35,22359870185.21,11719.26
2020-08-07,8.21,2.29,21793317050.97,11768.13
2020-08-08,7.44,2.51,21624736673.08,11571.49
2020-08-09,7.44,2.4,17286825185.22,11739.13
2020-08-10,8.59,2.55,17051550190.81,11682.85
2020-08-11,8.98,2.33,24145919191.34,11862.94
2020-08-12,7.44,2.43,24448699831.26,11398.67
2020-08-13,7.05,2.21,22803776234.98,11579.87
2020-08-14,7.05,2.08,24755770184.14,11817.16
2020-08-15,7.05,2.38,21650925952.0,11777.39
2020-08-16,7.05,2.17,21285690552.52,11864.91
2020-08-17,8.98,2.45,19209711614.41,11901.78
2020-08-18,8.98,2.05,25481896190.56,12272.47
2020-08-19,7.44,2.22,24825715158.71,11949.61
2020-08-20,7.05,2.15,23384200655.89,11733.28
2020-08-21,6.28,2.48,20353349054.59,11861.84
2020-08-22,6.67,2.62,23406354443.01,11515.12
2020-08-23,5.9,2.19,19572783953.58,11676.39
2020-08-24,6.28,2.19,18467219109.18,11647.93
2020-08-25,6.28,2.35,20061559392.1,11758.83
2020-08-26,5.9,2.17,23423332918.94,11350.75
2020-08-27,5.9,2.57,20869928785.8,11465.0
2020-08-28,6.28,2.56,21595917446.04,11300.4
2020-08-29,5.13,2.23,19271253870.83,11519.12
2020-08-30,5.51,2.58,18415439613.54,11481.48
2020-08-31,5.51,2.48,19909556666.6,11701.0
2020-09-01,6.67,2.29,21077276617.87,11672.32
2020-09-02,6.28,2.29,25232603061.53,11895.23
2020-09-03,7.82,2.46,26038738388.8,11418.25
2020-09-04,9.36,2.59,49411126240.52,10197.46
2020-09-05,7.05,2.3,27623487077.07,10484.47
2020-09-06,6.28,2.3,56430042198.69,10177.79
2020-09-07,6.67,2.3,28801019507.33,10260.02
2020-09-08,6.28,2.23,26560146962.23,10359.45
2020-09-09,6.28,1.92,47780699209.09,10125.01
2020-09-10,5.51,2.84,21357083446.31,10230.15
2020-09-11,5.13,2.18,77545788530.61,10342.16
2020-09-12,5.13,2.82,20796810115.95,10378.22
2020-09-13,5.13,2.32,19955498078.25,10439.38
2020-09-14,4.74,2.59,21057424433.48,10328.87
2020-09-15,5.9,2.89,23526143436.49,10661.1
2020-09-16,5.51,2.33,23802088944.4,10787.58
2020-09-17,5.13,2.06,24459086808.78,10952.25
2020-09-18,4.74,2.3,23547167125.34,10938.0
2020-09-19,3.97,2.44,20681771888.4,10927.15
2020-09-20,4.36,3.5,18334274060.3,11084.0
2020-09-21,5.51,2.26,20161733906.96,10923.33
2020-09-22,4.74,2.54,23757059692.36,10439.52
2020-09-23,4.74,2.18,19866578108.98,10527.59
2020-09-24,4.36,2.79,19981974722.35,10223.78
2020-09-25,4.74,3.0,21348447554.09,10726.53
2020-09-26,3.97,2.8,19119761059.48,10681.99
2020-09-27,3.59,2.35,16886146730.05,10743.19
2020-09-28,4.36,2.36,17639951627.95,10765.3
2020-09-29,4.36,2.68,19869963340.49,10672.03
2020-09-30,3.59,1.64,18308943800.64,10837.52
2020-10-01,3.97,1.93,18558607662.69,10770.88
2020-10-02,4.36,2.12,20889752499.96,10627.98
2020-10-03,3.97,2.76,21258724984.48,10572.67
2020-10-04,3.59,2.62,16039831144.94,10546.66
2020-10-05,3.97,2.35,16029160487.56,10670.7
2020-10-06,4.36,2.21,17853484006.27,10784.95
2020-10-07,3.97,2.64,19419734685.1,10605.96
2020-10-08,4.36,2.57,17222472599.61,10668.01
2020-10-09,4.74,2.46,19767968267.46,10888.67
2020-10-10,5.13,2.6,19254933802.11,11063.25
2020-10-11,4.74,2.09,19496631246.27,11286.54
2020-10-12,5.51,2.71,16270141989.73,11377.81
2020-10-13,4.74,2.89,20957733313.86,11543.18
2020-10-14,4.74,2.05,19556025069.4,11426.11
2020-10-15,4.74,2.86,20441486195.02,11435.57
2020-10-16,4.74,2.55,20511481706.66,11495.58
2020-10-17,3.97,1.91,20436703034.24,11319.1
2020-10-18,3.97,2.32,15650920221.1,11365.81
2020-10-19,4.74,2.4,15569792414.42,11495.9
2020-10-20,6.28,2.32,18121468516.27,11752.15
2020-10-21,10.52,2.52,21431994055.83,11908.71
2020-10-22,11.29,2.45,29314287990.07,12806.44
2020-10-23,8.59,2.45,25070864646.76,12951.04
2020-10-24,7.82,2.45,21379873277.59,12928.07
2020-10-25,7.05,2.38,19302801174.76,13106.05
2020-10-26,7.44,2.39,18998745579.32,13021.41
2020-10-27,8.21,2.19,21507619985.69,13060.79
2020-10-28,9.75,2.37,23918511528.07,13655.19
2020-10-29,8.21,2.1,26825856788.11,13283.0
2020-10-30,7.44,2.49,22860841953.83,13441.88
2020-10-31,8.21,2.41,23482756915.11,13537.17
2020-11-01,7.05,2.16,22691200479.41,13778.64
2020-11-02,7.82,2.31,19771957707.94,13720.36
2020-11-03,7.05,2.17,22630851230.49,13558.36
2020-11-04,6.67,2.48,22602862338.46,13989.98
2020-11-05,11.67,2.46,25857225138.47,14101.72
2020-11-06,13.6,2.38,36313255719.02,15553.33
2020-11-07,10.13,2.35,34523587704.57,15548.31
2020-11-08,8.59,2.61,30369855794.73,14818.46
2020-11-09,10.13,2.3,24082570971.89,15496.32
2020-11-10,8.21,2.33,29501754042.78,15335.34
2020-11-11,8.59,2.59,21918753732.67,15278.71
2020-11-12,10.52,2.19,23990613793.27,15686.91
2020-11-13,11.29,2.38,28001128791.21,16265.15
2020-11-14,8.98,2.33,24826304419.56,16326.81
2020-11-15,7.44,2.47,22096608221.17,16095.56
2020-11-16,11.29,2.4,19184714602.51,15984.67
2020-11-17,15.53,2.47,24606359052.38,16714.4
2020-11-18,20.15,2.31,31572384445.72,17651.82
2020-11-19,15.14,2.31,40089857655.31,17829.93
2020-11-20,15.53,2.19,30586797551.71,17819.76
2020-11-21,15.53,2.14,28731271104.01,18628.81
2020-11-22,13.99,2.34,31201880851.78,18689.53
2020-11-23,13.6,2.33,33010231293.96,18390.61
2020-11-24,18.99,2.51,33389683851.43,18360.69
2020-11-25,17.07,2.48,49429532567.35,19091.52
2020-11-26,20.92,2.24,32146102840.28,18753.29
2020-11-27,13.99,2.21,48738957776.52,17138.03
2020-11-28,12.06,2.16,30680336583.34,17140.28
2020-11-29,11.29,2.34,24501260966.05,17718.97
2020-11-30,17.07,2.41,23940328528.71,18169.95
2020-12-01,17.07,2.24,36160827241.44,19609.52
2020-12-02,13.6,2.34,38614628143.57,18857.42
2020-12-03,12.44,2.4,28923102074.83,19208.4
2020-12-04,12.06,2.59,24342606870.71,19435.2
2020-12-05,10.52,2.23,26369871383.26,18711.23
2020-12-06,10.13,2.3,23333284386.27,19139.11
2020-12-07,10.9,2.34,21832193872.7,19325.55
2020-12-08,10.52,2.5,22034483383.95,19198.81
2020-12-09,11.29,2.24,26799991795.56,18336.51
2020-12-10,9.75,2.1,29806757748.85,18564.99
2020-12-11,10.9,2.44,24092658533.6,18262.06
2020-12-12,8.21,2.58,26080197328.25,18058.03
2020-12-13,9.75,2.46,21918803313.73,18807.1
2020-12-14,8.98,2.66,23550581096.07,19151.13
2020-12-15,9.75,2.31,21638023119.82,19259.97
2020-12-16,21.69,2.67,24173322660.11,19432.36
2020-12-17,35.94,2.47,39062639738.05,21317.66
2020-12-18,21.69,2.29,60693764158.56,22805.66
2020-12-19,18.61,2.43,37000188847.41,23120.57
2020-12-20,18.61,2.33,35252972899.69,23863.85
2020-12-21,21.3,2.12,32907758817.84,23518.32
2020-12-22,17.45,2.4,38423396405.39,22840.99
2020-12-23,16.68,2.41,38733771616.27,23794.79
2020-12-24,14.37,2.49,42917744239.82,23308.13
2020-12-25,17.45,2.99,36826373658.97,23760.29
2020-12-26,25.93,2.44,36622874229.83,24671.11
2020-12-27,33.63,2.31,41995154622.74,26476.13
2020-12-28,25.93,2.3,56654980595.93,26423.23
2020-12-29,20.92,2.2,42186521237.47,27125.38
2020-12-30,25.16,2.44,38081840205.6,27424.54
2020-12-31,24.77,2.26,43341140482.28,28837.29
2021-01-01,25.16,2.61,43503516563.29,29022.42
2021-01-02,44.28,2.36,34089717988.09,29352.13
2021-01-03,52.89,2.37,57273436641.22,32163.82
2021-01-04,44.28,2.3,178894068361.35,33008.23
2021-01-05,34.72,2.35,74657165356.23,31515.58
2021-01-06,40.46,2.43,67420500715.52,34082.21
2021-01-07,57.67,2.34,71027195897.95,36933.52
2021-01-08,58.63,2.33,78642959829.49,39547.08
2021-01-09,48.11,2.34,82846468856.35,40815.96
2021-01-10,44.28,2.37,55921808671.54,40296.53
2021-01-11,66.28,2.24,73381123612.69,38397.9
2021-01-12,50.98,2.29,111691569520.11,35669.91
2021-01-13,44.28,2.37,68954134557.37,33938.34
2021-01-14,44.28,2.24,65278944793.98,37456.01
2021-01-15,38.54,2.33,57519444621.69,39232.75
2021-01-16,32.81,2.21,63450740093.03,36787.52
2021-01-17,28.98,2.43,55054325262.44,36254.71
2021-01-18,27.07,2.39,50749258739.19,35804.26
2021-01-19,27.07,2.32,46769030146.77,36595.46
2021-01-20,25.16,2.23,51736994549.01,36104.86
2021-01-21,33.76,2.24,58406615612.07,35587.49
2021-01-22,36.63,2.32,69415314297.67,30913.7
2021-01-23,25.16,2.22,69549742252.37,32957.91
2021-01-24,22.29,2.34,43575409684.64,32068.09
2021-01-25,25.16,2.29,42810544126.18,32273.52
2021-01-26,22.29,2.31,50410553261.41,32375.32
2021-01-27,26.11,2.38,48489676580.41,32582.11
2021-01-28,24.2,2.39,51514291052.43,30445.53
2021-01-29,41.41,2.42,51075972572.46,33128.35
2021-01-30,29.94,2.42,97468515525.42,34150.82
2021-01-31,23.24,2.42,52001249491.11,34199.52
2021-02-01,23.24,2.34,42488649643.23,33064.79
2021-02-02,21.33,2.43,49268860242.67,33405.99
2021-02-03,23.24,2.55,50730704376.61,35485.99
2021-02-04,24.2,2.34,49762137494.21,37494.72
2021-02-05,22.29,2.85,54494811707.23,36816.51
2021-02-06,27.07,2.85,47446256481.71,38007.83
2021-02-07,23.24,2.83,57076868562.49,39279.41
2021-02-08,50.98,2.86,53802559038.81,38833.34
2021-02-09,65.32,2.89,86994225365.23,46307.57
2021-02-10,41.41,2.87,78828431117.06,46569.56
2021-02-11,37.59,2.41,70000356395.82,44848.69
2021-02-12,37.59,2.44,66187179918.89,47815.96
2021-02-13,30.89,2.97,61942185129.0,47414.19
2021-02-14,33.76,3.28,55312381649.34,46941.29
2021-02-15,34.72,3.37,57738376570.13,48607.87
2021-02-16,37.59,2.42,61061855793.76,47898.49
2021-02-17,43.33,2.42,64141133353.98,49238.14
2021-02-18,38.54,2.92,68478739131.43,52143.68
2021-02-19,42.37,2.84,58486508605.56,51733.08
2021-02-20,50.98,2.41,71397235196.84,56038.73
2021-02-21,44.28,2.47,77351787996.1,56377.63
2021-02-22,54.8,2.67,61223272210.96,57669.3
2021-02-23,62.45,2.36,101532021847.07,54410.86
2021-02-24,48.11,2.38,116689607925.81,48691.89
2021-02-25,38.54,2.4,73140585468.97,49849.38
2021-02-26,40.46,2.25,60355381275.55,46992.67
2021-02-27,30.89,2.34,74357197463.71,46551.49
2021-02-28,35.67,2.6,50989764248.83,46653.53
2021-03-01,34.72,2.42,59679588927.08,44970.16
2021-03-02,30.89,2.45,63218569171.6,49787.34
2021-03-03,28.02,2.45,53499537416.82,48532.24
2021-03-04,27.07,2.35,59212268141.17,50577.46
2021-03-05,27.07,2.36,60749587836.17,48727.45
2021-03-06,22.29,2.36,56568112294.27,49091.81
2021-03-07,24.2,2.41,41478786533.38,49019.37
2021-03-08,25.16,2.46,46146324828.48,51313.09
2021-03-09,31.85,2.56,53568946625.62,52328.54
2021-03-10,29.94,2.46,57418251743.06,54700.27
2021-03-11,28.02,2.44,63560545036.8,56020.49
2021-03-12,28.02,2.96,64605228617.76,57788.87
2021-03-13,39.5,2.51,59984971691.81,57353.86
2021-03-14,35.67,2.45,67332756651.28,61315.2
2021-03-15,33.76,2.23,48104078384.27,59428.97
2021-03-16,28.98,2.32,70594488699.71,55805.33
2021-03-17,28.02,2.33,63219904254.35,56830.25
2021-03-18,27.07,2.46,63368268626.28,59014.93
2021-03-19,24.2,2.43,58387006275.73,57922.41
2021-03-20,23.24,2.52,51948388930.76,58243.27
2021-03-21,24.2,2.38,54549112635.67,58376.16
2021-03-22,27.07,2.33,55664123837.6,57573.54
2021-03-23,25.16,2.36,62001716794.84,54370.14
2021-03-24,28.98,2.28,60383378707.05,54584.87
2021-03-25,30.89,2.34,73029051195.05,52526.87
2021-03-26,26.11,2.34,63401640502.56,51416.91
2021-03-27,23.24,2.49,55442557956.15,55033.1
2021-03-28,22.29,2.42,47285749218.67,55832.42
2021-03-29,25.16,2.53,49315845081.42,55728.1
2021-03-30,26.11,2.46,57387039705.47,57634.93
2021-03-31,26.11,2.46,52387542500.62,58668.63
2021-04-01,28.02,2.43,57495844477.92,58817.37
2021-04-02,25.16,2.45,54320681400.57,58801.19
2021-04-03,24.2,2.41,52224918752.08,59060.03
2021-04-04,24.2,2.42,52067853987.6,57060.41
2021-04-05,24.2,2.89,46156767978.18,58228.8
2021-04-06,23.24,3.16,54670173277.09,58706.82
2021-04-07,23.24,2.92,61497704158.14,58062.18
2021-04-08,22.29,3.05,67617613532.43,56134.42
2021-04-09,20.37,2.91,48714359354.07,58065.64
2021-04-10,23.24,3.0,45880879041.76,58152.99
2021-04-11,23.24,3.13,61788197398.74,59979.39
2021-04-12,23.24,3.03,46792500386.97,59988.02
2021-04-13,32.81,2.65,55994558888.52,59911.02
2021-04-14,34.72,2.39,71993120011.18,63576.68
2021-04-15,29.94,2.48,80157135507.59,62807.12
2021-04-16,31.85,2.24,60495376851.28,63179.77
2021-04-17,25.16,2.52,86260673269.77,61497.3
2021-04-18,50.02,2.67,63808212132.54,60273.87
2021-04-19,38.54,2.63,102065957642.23,56288.95
2021-04-20,33.76,2.86,66156275209.8,55721.17
2021-04-21,27.07,2.98,68166802215.76,56294.73
2021-04-22,32.81,2.78,56115370322.14,54190.07
2021-04-23,51.93,2.8,77897442831.72,51965.57
2021-04-24,36.63,2.96,91138220375.46,51191.12
2021-04-25,32.81,2.42,49296256745.65,50133.11
2021-04-26,34.72,2.39,46233432154.23,48981.44
2021-04-27,29.94,2.34,60226926859.92,53978.81
2021-04-28,28.02,2.13,48468560013.14,54991.81
2021-04-29,24.2,2.26,48072930663.01,54810.61
2021-04-30,25.16,2.57,46958036373.36,53596.7
2021-05-01,24.2,2.35,53879045974.43,57828.51
2021-05-02,21.33,2.39,43967070045.82,57812.97
2021-05-03,25.16,2.38,39072664393.93,56600.75
2021-05-04,24.2,2.27,54132470274.08,57200.3
2021-05-05,24.2,2.22,71296763919.13,53464.37
2021-05-06,23.24,2.46,72158368257.55,57432.1
2021-05-07,23.24,2.36,87510802710.78,56507.76
2021-05-08,23.24,2.49,68154805947.09,57361.57
2021-05-09,24.2,2.33,66812167538.23,58771.88
2021-05-10,24.2,2.29,67906284080.61,58213.93
2021-05-11,23.24,2.29,76672978747.69,55901.67
2021-05-12,25.16,2.31,67726708140.57,56928.97
2021-05-13,58.63,2.2,75523928654.34,50004.76
2021-05-14,36.63,2.3,104203551167.94,49972.8
2021-05-15,30.89,2.25,56820196964.51,49913.26
2021-05-16,32.81,2.25,62896879696.15,46780.9
2021-05-17,46.19,2.25,70636455913.96,46585.06
2021-05-18,36.63,2.28,84054878923.85,43780.83
2021-05-19,93.05,2.28,65037066859.12,43091.04
2021-05-20,72.97,2.34,141151477374.61,37287.39
2021-05-21,51.93,2.22,95001812130.51,40437.73
2021-05-22,47.15,2.25,88706010988.29,37339.63
2021-05-23,56.71,2.23,61178935273.65,37520.32
2021-05-24,52.89,2.29,84358034875.51,34977.53
2021-05-25,40.46,2.48,71163197727.34,38642.44
2021-05-26,34.72,2.59,48724794157.99,38210.81
2021-05-27,28.98,2.85,47026386118.47,39406.93
2021-05-28,32.81,2.77,40836817155.72,38642.9
2021-05-29,30.89,2.76,49991590067.74,35710.22
2021-05-30,29.94,2.35,43184025044.77,34775.08
2021-05-31,28.02,2.37,30650274657.7,35714.75
2021-06-01,27.07,2.31,37950798680.48,37340.68
2021-06-02,27.07,2.32,33536905027.71,36680.07
2021-06-03,26.11,2.34,31240691604.2,37685.72
2021-06-04,30.89,2.18,33396718844.56,39151.32
2021-06-05,26.11,2.26,39345490149.31,36938.72
2021-06-06,26.11,2.23,34068172835.77,35546.99
2021-06-07,25.16,2.08,27689283070.84,35834.47
2021-06-08,37.59,2.22,33345528753.34,33451.38
2021-06-09,32.81,2.34,46727462986.37,33557.15
2021-06-10,28.98,2.21,54511387836.11,37553.64
2021-06-11,24.2,2.32,42952476854.83,36903.3
2021-06-12,21.33,2.25,36358044262.71,37289.43
2021-06-13,23.24,2.41,35710196743.32,35666.15
2021-06-14,28.02,2.33,38185633278.29,39147.71
2021-06-15,23.24,2.55,45836408439.45,40624.51
2021-06-16,21.33,2.37,36706248352.24,40378.2
2021-06-17,19.42,2.34,36563438889.79,38321.45
2021-06-18,19.42,2.35,36330237284.42,38193.62
2021-06-19,17.51,2.35,35162612172.75,35881.11
2021-06-20,21.33,2.72,28858979691.79,35581.64
2021-06-21,29.94,2.6,35609127163.62,35787.08
2021-06-22,39.5,2.58,51873870276.52,31711.94
2021-06-23,28.02,2.72,57443014757.92,32507.74
2021-06-24,24.2,2.32,39798236962.44,33702.62
2021-06-25,23.24,2.27,31862051544.35,34675.45
2021-06-26,24.2,2.22,38635245431.36,31943.14
2021-06-27,20.37,2.3,36873109419.9,32023.97
2021-06-28,22.29,2.36,34335452117.33,34607.29
2021-06-29,22.29,2.43,32453802891.02,34556.84
2021-06-30,18.46,2.24,35121257875.55,35968.99
2021-07-01,17.12,2.24,31024153846.88,35171.49
2021-07-02,16.67,3.02,29129630236.14,33677.57
2021-07-03,16.22,2.86,25084046353.17,33950.79
2021-07-04,17.12,2.89,22986053604.7,34729.89
2021-07-05,17.57,2.82,22727930417.75,35394.21
2021-07-06,15.78,2.21,25894820184.75,33928.13
2021-07-07,14.43,2.36,26106856611.92,34149.99
2021-07-08,16.67,2.24,23692220470.14,33932.25
2021-07-09,15.78,2.37,29065577052.3,32933.58
2021-07-10,13.54,2.06,24282108111.22,33971.3
2021-07-11,12.19,2.45,20558304483.59,33704.54
2021-07-12,15.33,2.27,17798828844.27,34299.94
2021-07-13,14.88,2.2,21683885320.61,33262.65
2021-07-14,15.33,2.3,19932531699.62,32676.38
2021-07-15,14.88,2.33,21779069066.45,32878.5
2021-07-16,15.33,2.65,21557729227.28,31726.04
2021-07-17,14.88,3.16,22671859962.66,31399.65
2021-07-18,13.98,2.95,17715455994.79,31588.67
2021-07-19,17.12,2.67,17742105807.9,31919.39
2021-07-20,22.49,2.85,20095540828.3,30928.21
2021-07-21,20.7,2.92,23000299061.9,29971.9
2021-07-22,18.46,2.88,29070652060.0,32383.78
2021-07-23,15.78,2.83,19741588059.45,32409.5
2021-07-24,16.22,3.05,22937379734.63,33455.55
2021-07-25,16.22,3.76,22120323672.37,34213.6
2021-07-26,32.79,2.8,20929083220.54,35456.12
2021-07-27,22.94,3.25,53550491997.72,37281.92
2021-07-28,21.15,3.19,36401287454.43,39076.59
2021-07-29,18.01,2.95,41369107422.72,40031.2
2021-07-30,17.57,2.94,28717414113.02,39977.76
2021-07-31,19.36,2.48,35530501782.52,41936.26
2021-08-01,17.57,2.33,28437941447.5,41754.17
2021-08-02,18.01,2.36,28555173661.66,39914.83
2021-08-03,15.78,2.33,28057528866.26,39278.77
2021-08-04,15.78,2.65,28422901237.17,38368.35
2021-08-05,15.78,2.7,27751046040.33,39751.58
2021-08-06,18.46,2.91,38527930905.32,40825.38
2021-08-07,20.25,2.81,40840608016.84,42802.14
2021-08-08,20.25,4.42,42725276705.47,44647.58
2021-08-09,22.04,4.6,39633218478.62,43753.22
2021-08-10,20.25,2.38,42726733997.86,46311.0
2021-08-11,20.25,2.39,35669862361.55,45639.51
2021-08-12,20.25,2.39,35679832771.37,45652.06
2021-08-13,18.91,2.59,35838614930.04,44495.21
2021-08-14,18.46,2.93,34320865037.16,47717.27
2021-08-15,17.57,2.94,33294851810.65,47088.85
2021-08-16,18.46,2.97,32863850458.01,47025.0
2021-08-17,17.12,2.93,34221605780.0,46031.76
2021-08-18,16.67,2.91,34488116651.18,44534.45
2021-08-19,15.78,2.97,34668999387.84,45015.47
2021-08-20,18.91,3.23,38434805722.95,46745.03
2021-08-21,18.46,2.84,36497089236.87,49195.88
2021-08-22,17.12,2.36,42147725293.17,48933.69
2021-08-23,22.49,3.13,27110183703.24,49250.54
2021-08-24,18.46,3.32,35800255386.41,49518.58
2021-08-25,17.57,3.14,38387146174.87,47940.61
2021-08-26,18.01,3.02,33517327123.56,49002.7
2021-08-27,15.33,2.57,33774857002.93,47229.07
2021-08-28,13.98,2.32,34607868773.4,49083.1
2021-08-29,13.98,2.47,28491785397.37,48936.54
2021-08-30,15.33,2.44,26244843557.51,48907.27
2021-08-31,14.43,2.32,32326073271.92,47124.25
2021-09-01,13.98,2.36,34868965959.25,47335.42
2021-09-02,15.33,2.46,39060601275.21,48823.06
2021-09-03,15.33,2.48,39362789535.46,49338.78
2021-09-04,13.98,2.49,42934455726.29,49934.53
2021-09-05,14.43,2.56,36985805206.73,50013.03
2021-09-06,17.12,2.66,31765191430.17,51696.21
2021-09-07,29.2,2.35,37532574716.9,52739.8
2021-09-08,28.76,2.23,64010507329.27,46995.16
2021-09-09,19.36,2.27,48151104381.08,46085.03
2021-09-10,17.12,3.01,38581092903.84,46518.94
2021-09-11,14.43,2.5,38051987740.16,44802.61
2021-09-12,13.98,2.24,34160277726.44,45196.49
2021-09-13,16.67,2.34,27585855039.22,46195.22
2021-09-14,14.43,2.42,40683028027.85,45139.83
2021-09-15,14.88,2.35,38645575965.53,47135.43
2021-09-16,13.98,2.33,30037816650.13,48186.53
2021-09-17,13.98,2.55,31578783374.77,47879.47
2021-09-18,12.64,2.41,27731209179.05,47228.66
2021-09-19,12.64,2.28,27630476157.83,48266.63
2021-09-20,19.36,2.34,26163167368.59,47371.04
2021-09-21,19.36,2.23,41220025453.52,42932.95
2021-09-22,17.57,2.27,45940419565.08,40386.62
2021-09-23,15.78,2.65,36624234960.05,43587.22
2021-09-24,23.39,2.1,33594750550.0,44980.9
2021-09-25,16.67,2.17,42973070342.65,42752.17
2021-09-26,14.88,2.41,30898116660.06,42856.86
2021-09-27,15.33,2.09,30462815705.28,43336.86
2021-09-28,14.43,2.59,30483144439.45,42247.36
2021-09-29,13.98,2.22,29691944223.29,41010.38
2021-09-30,13.54,2.33,30068690311.97,41587.67
2021-10-01,17.57,2.5,30859918334.57,43859.33
2021-10-02,14.88,2.55,42089383189.81,48181.88
2021-10-03,14.43,2.72,29742127387.96,47777.76
2021-10-04,15.33,2.41,26034594561.96,48282.97
2021-10-05,18.01,2.57,32691763060.32,49260.23
2021-10-06,24.28,2.44,35480330025.03,51668.99
2021-10-07,19.8,2.33,48462388015.8,55415.01
2021-10-08,18.01,2.29,36549815857.28,53894.6
2021-10-09,16.22,2.34,33935485256.83,54010.94
2021-10-10,15.78,2.36,31927344846.45,55125.46
2021-10-11,20.25,2.5,38579271671.07,54711.87
2021-10-12,20.25,2.32,41913482915.38,57572.51
2021-10-13,17.57,2.28,40021384610.7,56335.04
2021-10-14,19.36,2.53,41216945749.35,57487.99
2021-10-15,27.41,2.68,35994603913.19,57452.43
2021-10-16,24.73,2.46,53653355008.41,61809.02
2021-10-17,19.8,2.33,35385452268.78,61165.64
2021-10-18,23.39,2.55,29625957541.68,61583.77
2021-10-19,26.52,2.93,39610183787.24,62017.97
2021-10-20,35.92,2.97,42550624869.29,64517.65
2021-10-21,31.89,2.9,40790757381.6,66237.52
2021-10-22,26.07,2.88,48709960685.53,62541.09
2021-10-23,18.91,2.88,40766460604.97,61029.27
2021-10-24,17.57,2.46,28505039147.79,61572.14
2021-10-25,20.7,2.68,29982535557.4,61173.17
2021-10-26,22.04,2.41,30852852368.03,63228.21
2021-10-27,23.83,2.62,33233702858.09,60604.19
2021-10-28,22.04,1.94,43976252157.07,58641.0
2021-10-29,19.36,2.74,52318597556.79,60767.56
2021-10-30,17.12,2.65,38648967244.95,62283.2
2021-10-31,16.67,2.38,31810216329.53,61837.26
2021-11-01,16.67,2.35,32494948460.79,61471.87
2021-11-02,18.01,2.43,35834742028.38,61121.83
2021-11-03,16.67,2.33,37335066460.16,63247.21
2021-11-04,17.57,2.75,36561444796.93,63130.94
2021-11-05,15.78,2.9,33152275947.43,61601.74
2021-11-06,13.98,2.64,31182137447.97,61247.38
2021-11-07,14.43,2.4,31423601393.17,61661.36
2021-11-08,23.39,2.8,24877902989.78,63153.23
2021-11-09,24.28,2.48,105426313891.41,67617.02
2021-11-10,22.94,2.36,41207912437.79,67145.37
2021-11-11,20.25,2.99,48648563669.38,65061.05
2021-11-12,18.01,2.74,35457583783.21,65005.65
2021-11-13,16.22,2.52,36872626217.74,64432.05
2021-11-14,17.12,2.5,29677693457.32,64660.34
2021-11-15,18.46,2.37,26088449436.72,65648.98
2021-11-16,24.28,2.36,32107212452.3,63933.84
2021-11-17,20.7,2.23,48978396010.97,60448.56
2021-11-18,21.59,2.88,39200729529.49,60603.66
2021-11-19,21.59,2.77,41828523861.72,56987.32
2021-11-20,18.01,2.56,37851259606.14,58459.26
2021-11-21,16.22,2.58,29676550711.71,60082.91
2021-11-22,18.91,2.31,25743426946.96,59139.78
2021-11-23,20.25,2.34,34001467918.53,56386.86
2021-11-24,19.36,2.89,36421192856.54,57748.79
2021-11-25,18.01,2.81,31695369987.85,57198.18
2021-11-26,22.04,2.91,33721097081.42,58897.85
2021-11-27,18.46,2.39,41325811946.27,53827.79
2021-11-28,17.12,2.35,28256851067.7,54533.4
2021-11-29,18.46,2.42,27659464986.74,57237.66
2021-11-30,18.46,2.23,30985196646.77,57848.77
2021-12-01,17.12,2.35,35723038603.83,57011.28
2021-12-02,15.78,2.29,49383073891.0,57169.37
2021-12-03,17.12,2.47,36296342256.76,56508.27
2021-12-04,42.19,2.33,39527112725.92,53785.97
2021-12-05,28.31,2.31,55941408415.04,49161.99
2021-12-06,26.97,2.31,32826574574.44,49268.47
2021-12-07,23.39,2.26,36126018721.83,50461.58
2021-12-08,19.8,2.18,30083305919.56,50647.66
2021-12-09,20.25,2.46,26590164539.06,50530.46
2021-12-10,19.36,2.29,27269362515.25,47885.87
2021-12-11,17.12,2.87,29611257204.74,47303.56
2021-12-12,16.67,2.6,24619129766.77,49242.3
2021-12-13,20.7,2.26,19871029748.36,50051.08
2021-12-14,22.49,2.43,29628245402.12,46696.3
2021-12-15,20.25,2.47,30152105689.95,48410.56
2021-12-16,18.91,2.47,33782603071.21,48936.86
2021-12-17,18.91,2.84,24699414443.57,47694.53
2021-12-18,16.67,2.41,30617760444.45,46328.7
2021-12-19,15.78,2.4,23305069269.64,46970.06
2021-12-20,18.46,2.4,23002876885.7,46807.05
2021-12-21,17.57,2.34,29356191956.18,47117.01
2021-12-22,17.57,2.51,25764127608.31,49145.22
2021-12-23,16.67,2.58,21887790445.93,48755.9
2021-12-24,18.01,2.74,26419703744.66,50900.61
2021-12-25,15.78,2.78,22535489970.2,50888.72
2021-12-26,15.78,2.65,17235296605.83,50663.49
2021-12-27,16.22,2.51,19632044502.13,50852.86
2021-12-28,17.12,2.45,22793878136.83,50774.07
2021-12-29,17.12,2.8,29538983233.49,47725.15
2021-12-30,16.67,2.86,26348739119.38,46506.99
2021-12-31,15.78,2.34,23753871435.22,47191.87
2022-01-01,17.12,2.77,25895349604.89,46319.65
2022-01-02,16.59,2.75,18904585811.03,47816.08
2022-01-03,17.12,2.39,33756128241.99,47387.21
2022-01-04,27.23,2.43,21890019531.58,46531.14
2022-01-05,24.57,2.35,24895990583.66,45938.02
2022-01-06,22.44,2.42,31837641246.02,43647.15
2022-01-07,29.89,2.41,26366602396.81,43216.46
2022-01-08,26.17,2.48,79685254648.08,41527.2
2022-01-09,23.51,2.53,23337017232.77,41756.66
2022-01-10,25.64,2.43,18016718173.61,41862.36
2022-01-11,22.44,2.7,27984634062.05,41869.86
2022-01-12,21.38,2.9,22813557397.82,42777.21
2022-01-13,16.59,2.98,28250302540.22,43981.88
2022-01-14,15.52,2.91,43905745871.29,42608.41
2022-01-15,16.59,2.43,20238314434.86,43120.85
2022-01-16,12.86,2.42,14651008624.73,43226.65
2022-01-17,15.52,2.54,14452346388.55,43119.79
2022-01-18,16.05,2.44,17694929625.85,42298.34
2022-01-19,15.52,2.67,18897950050.29,42395.46
2022-01-20,16.59,2.7,19626113309.55,41749.55
2022-01-21,34.69,2.87,20930163211.17,40707.68
2022-01-22,48.53,2.93,38296960033.32,36508.8
2022-01-23,33.09,2.45,35517336417.26,35180.44
2022-01-24,35.22,2.41,22865032968.61,36306.41
2022-01-25,27.76,2.34,36385158448.61,36774.01
2022-01-26,26.7,2.34,46168918584.85,36988.93
2022-01-27,22.97,2.21,26756873749.74,36870.44
2022-01-28,24.04,2.39,22057410457.28,37276.84
2022-01-29,21.91,2.55,19214103304.05,37852.58
2022-01-30,20.84,2.47,14178650231.62,38232.18
2022-01-31,22.44,2.49,11807185113.63,37983.15
2022-02-01,22.97,2.46,17731563487.28,38555.53
2022-02-02,20.31,2.35,17109120250.16,38835.69
2022-02-03,19.25,2.41,16709908527.23,37000.98
2022-02-04,22.44,2.53,16136299994.84,37101.35
2022-02-05,24.04,2.59,25347215343.88,41673.84
2022-02-06,19.78,2.3,16752051696.25,41493.69
2022-02-07,24.57,2.65,13206494654.91,42475.54
2022-02-08,22.44,2.56,24171856714.48,43910.93
2022-02-09,21.38,2.76,29024977264.93,44184.45
2022-02-10,16.59,2.6,19780565063.1,44383.89
2022-02-11,19.25,2.67,27877618433.98,43628.14
2022-02-12,16.59,2.43,23279080009.72,42445.39
2022-02-13,16.05,2.0,15479727288.78,42254.74
2022-02-14,17.12,2.75,12146423251.4,42247.84
2022-02-15,18.18,2.71,18090873762.82,42634.57
2022-02-16,16.59,2.77,19801081788.56,44574.32
2022-02-17,17.65,2.75,16847003857.43,44063.28
2022-02-18,18.18,2.69,22270664615.48,40562.99
2022-02-19,16.05,2.53,20130002755.18,40073.5
2022-02-20,17.65,2.64,11735183838.18,40192.76
2022-02-21,19.25,2.55,15998424231.02,38514.01
2022-02-22,22.44,2.42,25174914104.16,37059.98
2022-02-23,18.18,2.31,22212181617.2,38337.2
2022-02-24,38.41,2.4,18507851467.85,37372.29
2022-02-25,26.17,2.31,40839699480.89,38363.35
2022-02-26,18.72,2.39,22579249141.52,39316.16
2022-02-27,19.78,2.2,14568201294.75,39090.2
2022-02-28,24.57,2.61,19424397945.62,37803.59
2022-03-01,26.17,2.5,30634280854.54,43225.4
2022-03-02,22.97,2.59,27880763034.09,44459.59
2022-03-03,20.31,2.32,25615956856.4,43980.71
2022-03-04,20.84,2.4,22366184128.9,42491.98
2022-03-05,17.12,2.43,25121267305.98,39200.3
2022-03-06,16.05,3.0,14818212144.75,39463.15
2022-03-07,19.78,2.79,16995562040.61,38442.99
2022-03-08,18.18,2.89,24596395439.06,38076.49
2022-03-09,20.31,2.96,22556397749.43,38732.94
2022-03-10,18.18,2.87,29211702119.45,41986.03
2022-03-11,17.12,2.52,27653455219.04,39468.35
2022-03-12,14.99,2.55,23624165274.52,38775.18
2022-03-13,14.99,2.33,12440826653.85,38903.69
2022-03-14,15.52,2.73,14461647575.51,37852.53
2022-03-15,15.52,2.9,21250969229.22,39669.42
2022-03-16,15.52,2.99,20768829817.94,39331.85
2022-03-17,16.59,2.8,34974203468.77,41165.64
2022-03-18,14.99,2.74,18861644942.59,41001.71
2022-03-19,13.92,2.84,30316128166.49,41837.41
2022-03-20,12.86,2.96,16580741571.96,42201.94
2022-03-21,13.92,2.95,16856192301.96,41283.26
2022-03-22,15.52,2.65,21335882483.32,41061.82
2022-03-23,14.46,2.87,28688623151.36,42401.9
2022-03-24,16.05,2.95,21851891598.64,42802.15
2022-03-25,16.59,2.6,26212783703.86,43936.1
2022-03-26,13.92,2.54,26147756108.08,44331.78
2022-03-27,14.99,2.67,13676534294.23,44510.84
2022-03-28,20.84,2.61,22545392529.67,46715.12
2022-03-29,17.12,2.73,30051327357.07,46994.88
2022-03-30,16.05,2.54,26128040680.83,47459.26
2022-03-31,15.52,2.52,24497248306.35,47063.37
2022-04-01,16.05,2.47,27736469645.54,45528.41
2022-04-02,13.39,2.8,32948605532.14,46270.2
2022-04-03,13.39,2.62,24803837259.76,45842.14
2022-04-04,14.46,2.32,21510196790.3,46434.56
2022-04-05,13.39,2.41,28019309650.73,46622.64
2022-04-06,15.52,2.51,25474063861.61,45635.45
2022-04-07,14.46,2.41,34113818641.78,43198.78
2022-04-08,13.92,2.39,22960138784.3,43515.15
2022-04-09,12.33,2.6,24202906401.17,42315.71
2022-04-10,11.26,2.23,13949535311.53,42796.4
2022-04-11,16.05,2.43,14936318818.78,42274.91
2022-04-12,14.99,2.29,30168665078.21,39603.97
2022-04-13,13.92,2.99,27804694935.48,40205.68
2022-04-14,13.39,2.9,25453869985.97,41205.17
2022-04-15,12.86,2.81,22744792147.01,39959.46
2022-04-16,10.73,2.83,22053774554.18,40586.6
2022-04-17,11.26,2.86,15777789210.24,40450.38
2022-04-18,13.92,2.93,16627779441.57,39739.12
2022-04-19,12.86,2.96,30617039399.98,40833.54
2022-04-20,11.8,3.11,22717772925.29,41498.12
2022-04-21,12.86,2.96,24937668255.07,41397.22
2022-04-22,12.33,3.07,32131220615.55,40528.54
2022-04-23,10.73,2.78,46022063018.95,39756.85
2022-04-24,10.2,2.72,15010797471.97,39561.78
2022-04-25,13.39,2.27,16778683767.6,39469.05
2022-04-26,13.92,2.34,32883645913.96,40488.88
2022-04-27,12.86,2.76,31053018153.39,38134.22
2022-04-28,12.86,2.81,28170490245.87,39237.95
2022-04-29,11.8,2.98,31484572271.03,39741.77
2022-04-30,11.8,3.02,27758348826.41,38650.55
2022-05-01,12.86,2.95,20955789685.36,37820.61
2022-05-02,11.8,2.92,24857664487.01,38537.65
2022-05-03,11.8,2.47,29825308569.42,38561.57
2022-05-04,12.33,2.64,23070122642.33,37758.5
2022-05-05,16.05,2.4,31748901527.21,39699.02
2022-05-06,17.65,2.33,37402043365.58,36612.23
2022-05-07,12.86,2.3,32223287014.45,36116.39
2022-05-08,16.59,2.44,19130720394.98,35573.31
2022-05-09,29.89,2.34,30810576501.52,34070.31
2022-05-10,29.36,2.7,58369928594.33,30269.59
2022-05-11,35.22,2.93,54071363210.09,31026.93
2022-05-12,50.65,2.84,65985702701.5,28913.49
2022-05-13,35.22,2.84,61338080283.58,29126.12
2022-05-14,26.7,2.47,71541696924.4,29310.73
2022-05-15,22.97,2.45,25759546763.69,30189.33
2022-05-16,24.04,2.41,22948123704.17,31319.31
2022-05-17,20.84,2.43,28418179221.13,29923.61
2022-05-18,20.31,2.35,24964703223.58,30502.19
2022-05-19,20.31,2.32,26219431165.24,28772.2
2022-05-20,19.25,2.47,29190056577.43,30382.41
2022-05-21,16.05,2.46,25980877919.57,29256.81
2022-05-22,15.52,2.51,13561006428.37,29491.51
2022-05-23,17.12,2.55,17199930154.8,30351.05
2022-05-24,17.12,2.85,26646754324.71,29163.17
2022-05-25,15.52,2.76,23486436836.56,29655.03
2022-05-26,16.05,2.4,23108764916.21,29584.95
2022-05-27,17.12,2.46,31972044691.71,29346.78
2022-05-28,13.92,2.48,31756305901.01,28646.65
2022-05-29,12.86,2.46,15406515372.71,29088.24
2022-05-30,16.05,2.82,14496111397.93,29492.5
2022-05-31,16.59,2.84,34891305294.62,31740.94
2022-06-01,15.52,2.67,29770567353.49,31865.75
2022-06-02,13.92,2.65,35553330791.54,29833.45
2022-06-03,14.46,2.6,24232399986.26,30481.01
2022-06-04,11.26,2.41,21997859590.67,29714.14
2022-06-05,11.26,2.51,12911383481.84,29872.36
2022-06-06,13.92,2.66,13395229055.41,29917.76
2022-06-07,15.52,2.44,27644798123.3,31372.58
2022-06-08,14.99,2.49,36111325508.04,31265.47
2022-06-09,11.8,2.48,27080284928.56,30229.24
2022-06-10,12.86,2.47,18871591862.34,30101.19
2022-06-11,13.92,2.32,25663085729.43,29101.3
2022-06-12,17.65,2.39,22518366769.84,28374.14
2022-06-13,49.06,2.25,29834061115.62,26767.27
2022-06-14,47.99,2.68,64852526179.38,22525.77
2022-06-15,44.8,2.73,47639470967.89,22244.85
2022-06-16,36.28,2.19,52027211446.51,22529.2
2022-06-17,30.96,2.13,27449277945.59,20408.69
2022-06-18,49.59,2.67,24232922585.24,20473.05
2022-06-19,46.4,2.8,38920632524.16,19047.42
2022-06-20,36.28,2.38,32488136325.88,20516.41
2022-06-21,30.43,2.01,28346447996.78,20636.76
2022-06-22,27.76,2.39,25340643362.79,20700.92
2022-06-23,22.97,1.03,24955466738.11,19983.57
2022-06-24,22.44,1.08,23655104386.98,21100.27
2022-06-25,18.72,1.01,21955656695.75,21262.71
2022-06-26,18.72,1.01,16152442749.31,21525.88
2022-06-27,20.31,2.55,15392697878.42,21052.81
2022-06-28,18.72,1.05,17719011287.98,20751.48
2022-06-29,20.31,1.01,18161209601.43,20282.54
2022-06-30,24.04,2.29,20744333507.36,20108.53
2022-07-01,23.39,2.39,22816515394.91,19608.4
2022-07-02,17.55,2.75,28756781114.7,19407.45
2022-07-03,18.52,2.56,15601715000.68,19268.23
2022-07-04,18.2,2.53,13976969844.33,19310.23
2022-07-05,20.79,2.73,18634860046.37,20257.01
2022-07-06,17.22,2.31,23623270105.55,20188.78
2022-07-07,17.55,2.29,21755499642.28,20566.69
2022-07-08,18.2,2.4,21927087503.43,21660.6
2022-07-09,14.3,2.43,46645398900.96,21858.82
2022-07-10,15.27,2.58,26211587451.78,21589.63
2022-07-11,16.57,2.82,25037950754.0,20859.81
2022-07-12,17.55,2.85,21319467248.8,19998.47
2022-07-13,17.22,2.59,22074971578.29,19350.74
2022-07-14,16.57,2.61,28560004360.9,20225.24
2022-07-15,15.6,2.56,28732413536.67,20574.84
2022-07-16,13.0,2.57,46542248374.33,20794.81
2022-07-17,13.98,2.65,42051101694.8,21193.08
2022-07-18,18.85,2.82,29615794461.5,20824.36
2022-07-19,17.55,2.63,58636734705.48,22395.37
2022-07-20,19.82,2.58,57338223361.51,23366.91
2022-07-21,21.44,2.48,40775718993.8,23313.3
2022-07-22,16.57,2.58,63224249257.51,23155.21
2022-07-23,14.63,2.74,40304373301.41,22696.9
2022-07-24,12.35,2.55,42519262113.15,22506.2
2022-07-25,14.95,2.53,33108916659.05,22613.72
2022-07-26,15.6,2.56,42667548128.93,21330.3
2022-07-27,14.63,2.52,53995620035.18,21235.61
2022-07-28,16.25,2.77,54498281944.45,22908.88
2022-07-29,14.95,2.59,55609627980.66,23822.07
2022-07-30,13.0,2.59,41089335195.64,23847.58
2022-07-31,12.03,2.44,62102072346.81,23653.46
2022-08-01,13.65,2.3,31786729326.44,23379.7
2022-08-02,13.65,2.52,44489771146.51,23333.75
2022-08-03,12.68,2.48,35151096516.76,23053.85
2022-08-04,12.35,2.38,41334593234.08,22860.42
2022-08-05,12.35,2.71,23624874220.43,22678.36
2022-08-06,10.08,2.61,27040190909.83,23225.04
2022-08-07,10.41,2.57,14439694271.14,22984.58
2022-08-08,12.35,2.79,14324042469.27,23197.6
2022-08-09,12.35,2.92,27756736787.03,23823.68
2022-08-10,12.35,2.54,29738069337.78,23203.68
2022-08-11,13.33,2.71,32215976525.65,23948.83
2022-08-12,13.0,2.45,33892871243.72,23948.75
2022-08-13,10.41,2.35,25195193357.1,24411.38
2022-08-14,11.38,3.0,22240559959.52,24433.65
2022-08-15,12.68,2.47,21287616855.7,24312.54
2022-08-16,10.41,2.54,33404812507.81,24179.01
2022-08-17,11.38,2.56,24971300201.37,23913.33
2022-08-18,10.41,2.47,29567403252.0,23359.42
2022-08-19,15.6,2.41,20228208349.16,23248.38
2022-08-20,12.35,2.43,35142410593.12,20945.83
2022-08-21,11.7,2.44,23809679190.92,21175.23
2022-08-22,12.35,2.47,20476237108.35,21615.76
2022-08-23,11.06,2.29,28856912427.18,21387.75
2022-08-24,10.41,2.33,29331102121.79,21562.45
2022-08-25,10.08,2.65,26855905243.36,21395.46
2022-08-26,11.38,2.5,26767966536.32,21618.01
2022-08-27,11.7,2.47,34910727805.04,20271.32
2022-08-28,11.38,2.33,24463219414.74,20069.95
2022-08-29,13.0,2.6,19781826309.45,19659.25
2022-08-30,12.03,2.75,28706315246.14,20308.86
2022-08-31,11.06,2.68,30308993725.46,19805.35
2022-09-01,11.06,2.68,27825786159.86,20023.55
2022-09-02,10.73,2.8,25616737335.88,20153.98
2022-09-03,8.78,2.84,24078042298.34,19941.45
2022-09-04,9.11,2.77,20048153187.4,19814.56
2022-09-05,10.41,2.36,21537524477.37,19980.01
2022-09-06,11.06,2.43,23522961655.0,19785.73
2022-09-07,13.0,2.32,39940310406.48,18859.5
2022-09-08,11.38,2.58,30517907004.08,19280.63
2022-09-09,12.68,2.45,28936941008.36,19322.78
2022-09-10,10.41,2.47,42487059054.98,21359.58
2022-09-11,8.78,2.68,35941349745.24,21707.39
2022-09-12,12.68,2.81,31266252145.36,21739.8
2022-09-13,13.33,2.75,44006486689.45,22339.67
2022-09-14,13.65,2.77,46489890914.82,20184.97
2022-09-15,11.7,2.71,35789015870.39,20255.92
2022-09-16,11.7,2.53,33715957206.68,19702.17
2022-09-17,9.76,2.83,30187737709.58,19764.41
2022-09-18,9.43,2.61,23394494073.78,20131.68
2022-09-19,14.63,2.49,28689764413.7,19437.16
2022-09-20,12.35,2.25,39507938864.88,19570.39
2022-09-21,13.0,2.3,33890591849.68,18869.93
2022-09-22,12.03,2.37,41059997264.97,18539.64
2022-09-23,11.38,2.27,37660914389.89,19464.32
2022-09-24,10.08,2.15,35506139423.9,19291.9
2022-09-25,9.76,2.45,24644354421.62,18939.97
2022-09-26,10.73,2.62,21516374222.68,18809.41
2022-09-27,12.68,2.65,42560193944.42,19219.73
2022-09-28,11.38,2.55,52482615483.86,19116.33
2022-09-29,10.08,2.55,47494258189.7,19444.79
2022-09-30,10.73,2.37,37537716230.48,19563.77
2022-10-01,8.13,2.55,37848666330.67,19476.93
2022-10-02,7.81,2.48,15943514602.72,19314.46
2022-10-03,10.41,2.61,17859684587.65,19065.15
2022-10-04,9.76,2.65,26634227151.93,19620.57
2022-10-05,9.11,2.94,30974520027.94,20345.4
2022-10-06,9.11,2.79,29366342083.1,20161.83
2022-10-07,9.43,2.45,31354758329.14,19949.05
2022-10-08,7.16,2.53,25445042398.34,19457.31
2022-10-09,7.48,2.73,12996183216.3,19418.04
2022-10-10,9.11,2.79,14404623229.05,19448.15
2022-10-11,9.43,2.82,23743487600.54,19142.69
2022-10-12,8.46,2.81,25102717820.99,19058.63
2022-10-13,10.08,2.67,22339104401.38,19153.04
2022-10-14,10.08,2.72,37194496437.92,19383.94
2022-10-15,7.48,2.67,34806651159.14,19198.11
2022-10-16,6.84,2.32,13103099352.41,19072.78
2022-10-17,8.46,2.21,15683330320.16,19272.92
2022-10-18,9.11,2.13,23713928577.52,19557.9
2022-10-19,8.13,3.13,25848175158.69,19348.03
2022-10-20,8.46,2.44,23047051893.29,19134.24
2022-10-21,8.13,1.92,25712511231.94,19031.16
2022-10-22,6.84,2.52,30297335038.2,19173.28
2022-10-23,7.16,2.11,13362526957.66,19203.87
2022-10-24,8.13,2.34,19928822961.42,19574.82
2022-10-25,9.43,2.33,28657172008.92,19316.94
2022-10-26,10.41,1.99,39846253138.6,20095.15
2022-10-27,10.08,2.32,50667020407.51,20774.25
2022-10-28,8.78,2.59,41829789298.18,20278.37
2022-10-29,8.46,2.63,36165609164.57,20591.24
2022-10-30,8.13,2.9,32806216910.57,20800.71
2022-10-31,9.43,2.41,24707906148.75,20623.87
2022-11-01,8.13,1.97,37290619694.72,20494.6
2022-11-02,8.46,2.0,32262771910.73,20489.65
2022-11-03,8.13,2.82,44539856162.45,20162.98
2022-11-04,9.11,2.51,36562782563.98,20210.91
2022-11-05,8.46,2.15,33773463079.33,21150.32
2022-11-06,7.48,2.34,31061573100.6,21282.99
2022-11-07,8.78,2.76,50602704770.81,20907.0
2022-11-08,14.95,2.78,91750982446.39,20597.76
2022-11-09,27.28,2.72,92144963385.03,18562.35
2022-11-10,29.88,2.8,74978675390.59,15742.44
2022-11-11,23.39,2.73,65200666543.36,17594.92
2022-11-12,21.12,2.35,45030331310.75,17080.22
2022-11-13,19.82,2.88,21893997140.86,16797.99
2022-11-14,21.44,2.78,20411619109.01,16344.34
2022-11-15,17.55,2.95,37539226046.11,16645.83
2022-11-16,16.9,2.84,28676275678.94,16890.53
2022-11-17,15.27,2.24,26922027947.41,16689.4
2022-11-18,13.0,2.13,22011291267.36,16718.36
2022-11-19,11.38,2.31,20942172141.41,16707.02
2022-11-20,11.06,2.79,10844466289.9,16712.73
2022-11-21,15.27,2.86,15680401749.96,16304.08
2022-11-22,14.95,2.15,31057277097.35,15814.34
2022-11-23,12.03,2.06,25091849198.57,16171.63
2022-11-24,10.73,2.54,26858079944.17,16608.01
2022-11-25,10.41,2.14,20949512927.39,16596.04
2022-11-26,8.78,2.37,18933018587.77,16524.45
2022-11-27,8.78,1.91,18243019109.75,16456.16
2022-11-28,11.38,1.86,16551822516.19,16459.15
2022-11-29,11.06,2.69,24566056814.21,16222.21
2022-11-30,10.41,2.44,24663035431.35,16441.98
2022-12-01,10.41,2.18,30676053555.32,17186.5
2022-12-02,9.11,2.4,23319572025.36,16972.73
2022-12-03,8.13,2.06,20945433171.62,17084.87
2022-12-04,8.46,2.36,16931408153.95,16923.38
2022-12-05,9.43,2.36,18214353301.14,17149.93
2022-12-06,9.43,2.2,23204017213.93,16973.37
2022-12-07,9.76,2.37,21026126511.2,17085.64
2022-12-08,9.76,2.27,21192130005.6,16851.3
2022-12-09,8.46,2.43,22674029585.25,17235.01
2022-12-10,7.16,2.2,23179829829.17,17149.82
2022-12-11,8.13,2.54,14234368489.84,17125.36
2022-12-12,9.43,2.2,15681124918.74,17101.04
2022-12-13,11.38,2.46,21633829199.49,17179.6
2022-12-14,10.41,2.03,28941242217.59,17784.16
2022-12-15,10.08,2.3,27267536668.81,17808.72
2022-12-16,10.08,2.77,22754686787.82,17338.36
2022-12-17,9.43,2.12,22250411214.77,16623.76
2022-12-18,6.84,2.51,15086383815.78,16806.49
2022-12-19,9.43,2.3,11134054723.15,16742.82
2022-12-20,9.11,2.49,17719672544.89,16422.56
2022-12-21,9.43,2.3,24938219697.89,16899.33
2022-12-22,9.11,2.71,16062767787.36,16816.85
2022-12-23,9.11,2.72,17847826941.68,16824.79
2022-12-24,7.48,2.79,16765392449.95,16791.46
2022-12-25,7.81,2.95,10169853734.12,16848.57
2022-12-26,8.13,2.93,12574453968.76,16842.18
2022-12-27,8.78,2.69,12574997282.04,16900.08
2022-12-28,9.43,2.19,17436062121.51,16701.84
2022-12-29,9.11,2.24,19113614755.87,16538.91
2022-12-30,8.78,2.3,15683731677.0,16644.38
2022-12-31,7.16,2.48,17497327983.35,16604.02
2023-01-01,7.48,2.85,12013247678.03,16540.69
2023-01-02,8.32,2.62,9799252684.09,16615.97
2023-01-03,8.53,2.74,13023861027.77,16674.34
2023-01-04,8.95,2.51,15367167883.5,16677.65
2023-01-05,8.32,2.42,20836560771.72,16855.17
2023-01-06,8.11,2.79,14919039445.11,16832.1
2023-01-07,6.86,2.94,19046576249.73,16960.23
2023-01-08,7.48,2.89,9594456673.45,16950.86
2023-01-09,9.58,2.86,11841041542.99,17074.62
2023-01-10,8.95,2.7,25532751567.2,17194.91
2023-01-11,8.95,2.57,21858206845.29,17436.9
2023-01-12,12.1,2.58,25439279072.98,17996.83
2023-01-13,12.31,2.66,48025109150.18,18866.81
2023-01-14,16.5,2.63,39514419053.18,19941.78
2023-01-15,12.1,2.45,49498711311.53,21019.21
2023-01-16,14.4,2.4,23072133987.55,20853.23
2023-01-17,13.14,2.15,34809391745.54,21175.34
2023-01-18,13.35,2.2,33278841336.51,21156.78
2023-01-19,11.05,2.59,40612056908.81,20726.84
2023-01-20,11.89,2.33,29144534677.58,21081.67
2023-01-21,14.61,2.61,41321936668.63,22705.83
2023-01-22,12.94,2.12,44077026803.66,22771.02
2023-01-23,12.31,2.36,34124364415.44,22736.66
2023-01-24,11.47,2.76,36750647385.65,22984.87
2023-01-25,12.94,2.35,35621897292.95,22610.01
2023-01-26,11.26,2.24,42772537174.72,23180.42
2023-01-27,10.63,2.29,37099702812.23,23024.75
2023-01-28,10.0,2.71,36109035905.26,23082.86
2023-01-29,11.47,2.48,19567219823.88,23022.23
2023-01-30,11.89,2.53,38438621263.58,23797.46
2023-01-31,11.26,2.61,38594596831.97,22840.39
2023-02-01,11.05,2.44,32683643418.33,23137.32
2023-02-02,13.14,2.77,37452064508.17,23725.16
2023-02-03,11.05,2.38,44735297656.7,23539.68
2023-02-04,9.79,2.77,41267040610.76,23451.58
2023-02-05,9.37,2.42,21063097082.26,23340.35
2023-02-06,9.58,2.3,26678691424.55,22946.29
2023-02-07,9.79,2.55,33963650031.47,22786.48
2023-02-08,9.37,2.07,38850594358.7,23294.91
2023-02-09,10.0,2.12,34247782005.79,22947.51
2023-02-10,10.0,2.66,51161546272.35,21820.89
2023-02-11,8.11,2.33,42389972640.45,21630.13
2023-02-12,8.11,2.43,23574706405.84,21889.43
2023-02-13,9.16,2.58,25877166000.55,21779.87
2023-02-14,9.16,2.78,36761909546.14,21807.83
2023-02-15,10.21,2.3,45363697019.74,22220.07
2023-02-16,13.77,2.34,44336284482.19,24307.88
2023-02-17,12.1,1.82,48144978044.46,23756.91
2023-02-18,9.58,3.24,54200707340.94,24628.82
2023-02-19,10.0,2.57,24900444765.28,24642.79
2023-02-20,10.42,2.96,33664683478.33,24284.48
2023-02-21,10.63,2.84,38997046274.5,24786.67
2023-02-22,10.21,2.71,41991954878.45,24417.39
2023-02-23,10.21,2.19,40336608135.5,24146.1
2023-02-24,9.16,3.15,42356618035.35,23951.11
2023-02-25,8.53,2.47,35081974267.08,23172.29
2023-02-26,7.69,2.88,22999909593.11,23157.04
2023-02-27,9.16,2.71,24469102669.37,23541.12
2023-02-28,8.74,3.06,28832423816.48,23518.12
2023-03-01,7.9,3.04,25534054046.07,23155.54
2023-03-02,8.32,2.48,32507897259.08,23634.33
2023-03-03,10.42,2.45,27432755758.44,23464.34
2023-03-04,8.74,2.61,34239649135.07,22367.43
2023-03-05,7.69,2.17,13392431931.93,22348.33
2023-03-06,7.9,2.29,16080097920.16,22421.89
2023-03-07,7.69,3.09,21124920006.06,22415.11
2023-03-08,8.74,2.32,27780357943.16,22217.21
2023-03-09,10.0,2.34,28493032424.78,21712.65
2023-03-10,14.19,2.46,40173833477.66,20376.32
2023-03-11,11.26,2.27,51593890225.49,20195.23
2023-03-12,10.0,2.64,37746654239.62,20521.56
2023-03-13,16.92,2.64,36639901908.82,22095.71
2023-03-14,18.39,2.85,66799159801.96,24178.96
2023-03-15,14.61,2.71,70714394276.37,24758.77
2023-03-16,12.52,2.27,63107437928.81,24470.88
2023-03-17,15.24,2.57,60688056874.81,25161.27
2023-03-18,14.19,2.6,64617615617.8,27466.68
2023-03-19,15.45,2.62,46473651090.58,27107.79
2023-03-20,17.97,2.51,46394763656.04,28186.84
2023-03-21,15.87,2.22,55315948514.43,27929.17
2023-03-22,16.08,2.41,34430928756.27,28264.24
2023-03-23,15.03,2.6,35394833933.5,27449.25
2023-03-24,13.98,2.2,20360807194.56,28459.74
2023-03-25,11.47,2.85,21551272690.41,27595.49
2023-03-26,10.84,2.13,15053754845.31,27670.2
2023-03-27,12.73,2.67,14450374261.06,28048.47
2023-03-28,12.1,2.64,18519053231.64,27182.3
2023-03-29,13.56,2.53,17658503318.91,27291.35
2023-03-30,12.94,2.42,21097595427.49,28395.0
2023-03-31,11.89,2.51,22702531379.35,28041.12
2023-04-01,10.42,1.68,19112345639.96,28516.78
2023-04-02,10.21,2.37,10085380788.87,28498.94
2023-04-03,11.68,2.35,11682876586.81,28236.51
2023-04-04,11.68,2.31,19711493345.48,27815.43
2023-04-05,11.26,2.68,14871614372.83,28175.33
2023-04-06,10.84,2.18,16507617903.81,28197.2
2023-04-07,10.63,2.53,13079528995.14,28042.98
2023-04-08,9.16,2.93,10141276803.89,27934.44
2023-04-09,8.53,2.51,8844199146.18,27968.13
2023-04-10,11.26,2.4,11429030269.73,28351.24
2023-04-11,16.71,2.69,17475381731.25,29657.97
2023-04-12,14.4,2.49,18320296514.78,30260.94
2023-04-13,12.73,2.37,18407698928.07,29904.14
2023-04-14,13.35,2.72,16404033694.47,30405.03
2023-04-15,11.26,2.62,20984067684.22,30468.41
2023-04-16,10.21,2.53,11028264273.15,30312.16
2023-04-17,12.73,2.1,11188035367.08,30304.81
2023-04-18,11.47,2.33,16771824487.58,29467.46
2023-04-19,11.05,2.25,18078539248.52,30365.9
2023-04-20,11.47,2.78,24136616861.64,28833.22
2023-04-21,11.26,2.65,21695904964.8,28255.58
2023-04-22,10.21,2.71,20420333533.71,27300.16
2023-04-23,9.79,2.91,11700230849.97,27861.64
2023-04-24,10.84,2.32,11435645306.77,27606.58
2023-04-25,11.47,2.24,16443099944.65,27511.64
2023-04-26,13.56,2.36,17061823985.87,28351.22
2023-04-27,10.63,2.61,30540034741.28,28352.19
2023-04-28,10.42,2.7,26238597379.5,29483.52
2023-04-29,9.16,2.78,18730801539.18,29339.99
2023-04-30,8.74,2.54,9711415138.83,29217.94
2023-05-01,10.42,2.51,14707008604.65,29362.06
2023-05-02,10.0,2.16,19980169281.01,28125.5
2023-05-03,10.21,2.34,17699097406.19,28654.39
2023-05-04,10.42,2.38,19944381490.56,28988.32
2023-05-05,9.58,2.82,12676760580.08,28846.46
2023-05-06,8.74,2.36,4971523630.55,29520.32
2023-05-07,8.74,2.07,6463808309.44,28887.74
2023-05-08,11.26,2.11,10199066943.17,28611.44
2023-05-09,10.42,2.11,21535578788.86,27696.76
2023-05-10,10.21,2.35,8876813250.93,27607.39
2023-05-11,9.58,2.47,17159331951.19,27639.73
2023-05-12,9.58,2.42,7754296234.08,27024.77
2023-05-13,7.69,2.51,9157286238.19,26787.69
2023-05-14,7.48,2.33,8365379054.2,26798.13
2023-05-15,8.11,2.37,6019488454.42,26911.81
2023-05-16,8.32,2.47,14570026781.75,27227.79
2023-05-17,8.32,2.51,12927093920.9,27022.71
2023-05-18,8.95,2.34,12580626234.91,27389.97
2023-05-19,8.11,2.83,12599487111.94,26842.95
2023-05-20,7.07,2.26,11559136131.37,26884.37
2023-05-21,7.28,2.8,3882362454.22,27093.79
2023-05-22,8.53,2.73,8125825605.68,26773.83
2023-05-23,8.32,2.46,8025716966.18,26869.69
2023-05-24,8.11,2.42,11685763863.31,27222.94
2023-05-25,8.32,2.86,17477200137.11,26338.95
2023-05-26,7.69,2.49,11953749225.49,26475.61
2023-05-27,6.65,2.9,10994037071.45,26717.99
2023-05-28,7.48,2.57,6029471707.9,26848.24
2023-05-29,8.74,2.69,13144599279.48,28110.31
2023-05-30,8.32,2.96,13483205892.54,27759.75
2023-05-31,7.69,2.54,12766436369.82,27713.91
2023-06-01,8.11,2.56,10001106221.65,27245.47
2023-06-02,8.11,2.77,12156086970.87,26824.1
2023-06-03,6.86,3.05,15428145241.78,27247.74
2023-06-04,7.07,3.7,6673279605.63,27066.37
2023-06-05,9.79,2.6,6098045626.05,27315.45
2023-06-06,11.05,2.32,21208433571.87,25792.62
2023-06-07,9.58,2.34,22188018260.83,27216.62
2023-06-08,9.16,2.45,14723854336.09,26346.24
2023-06-09,7.9,2.71,10197924963.78,26507.91
2023-06-10,9.37,2.32,10464066236.48,26469.58
2023-06-11,9.37,2.34,9755626714.24,25858.12
2023-06-12,8.53,3.0,10439993428.37,25916.58
2023-06-13,8.32,2.61,9761691909.32,25910.36
2023-06-14,9.16,2.22,9921875985.89,25872.21
2023-06-15,9.79,2.4,11982737579.7,25107.75
2023-06-16,8.95,2.28,15184095954.03,25564.6
2023-06-17,7.69,2.06,13604025863.64,26327.33
2023-06-18,7.48,2.48,9533422254.89,26501.04
2023-06-19,8.32,2.84,8589379740.12,26333.09
2023-06-20,9.58,3.03,6651894946.45,26779.39
2023-06-21,14.4,2.43,19958565664.55,28330.89
2023-06-22,12.94,2.25,23757254196.78,30101.76
2023-06-23,12.73,1.33,19613389213.8,29935.63
2023-06-24,11.68,1.86,22630955878.97,30629.24
2023-06-25,10.21,1.96,11736119929.84,30537.82
2023-06-26,10.42,2.45,12076819255.3,30454.76
2023-06-27,10.21,2.36,16032184116.63,30285.51
2023-06-28,9.79,2.33,14411853963.11,30693.55
2023-06-29,9.79,2.17,8489428028.03,30083.48
