,in_len,out_len,hidden_size,lstm_layers,num_attention_heads,dropout,hidden_continuous_size,use_static_covariates,batch_size,lr,RMSE,sMAPE,MAPE,type
0,21,24,13,1,7,0.09276013514083323,7,True,256,0.0015313212910302765,0.05013403668999672,7.139849662780762,7.669996470212936,3
1,21,12,29,3,7,0.08260541803350857,8,False,64,0.0012819129094952517,0.051743827760219574,7.7866628766059875,8.193240314722061,3
2,2,17,31,2,5,0.20870958479378157,6,False,256,0.003975299304148977,0.04876583814620972,6.924578547477722,7.6383523643016815,3
3,29,12,27,3,2,0.01860738463788204,10,False,32,0.0024623811239916915,0.10301523655653,17.06451177597046,17.07429587841034,3
4,13,2,27,3,7,0.08137506363904633,8,False,256,0.0017718131919232426,0.04932437092065811,7.005538046360016,7.483435422182083,3
5,18,23,13,3,8,0.18299502341018214,6,False,128,0.004339197985787462,0.049125444144010544,6.87495544552803,7.555905729532242,3
6,3,5,30,2,2,0.020444230472420055,10,True,256,0.0013831128886474873,0.05254052206873894,7.896838337182999,8.328922092914581,3
7,9,28,32,2,7,0.2880219551714503,9,False,256,0.0016991204304092834,0.049331776797771454,6.9687120616436005,7.490396499633789,3
8,7,6,30,2,8,0.2671063564258172,8,False,256,0.0026603330416723175,0.048825453966856,6.838283687829971,7.466375082731247,3
9,8,26,21,2,8,0.2735641746013075,6,False,256,0.003791297657046355,0.04859452322125435,6.794462352991104,7.413596659898758,3
10,29,31,20,1,5,0.23794452027338092,7,True,32,0.0035933974244492313,0.07326102256774902,11.406020075082779,10.853353887796402,3
11,1,20,21,2,5,0.20105682967697935,6,False,128,0.004753648076697215,0.04909254610538483,6.972017139196396,7.750354707241058,3
12,6,18,22,2,4,0.2327218600063647,6,False,64,0.0037085441199220847,0.058311402797698975,9.483994543552399,9.426891058683395,3
13,11,14,8,2,4,0.15242541582868055,7,False,256,0.0035251210714586003,0.0487268790602684,6.833598017692566,7.5371794402599335,3
14,13,12,8,2,3,0.14828832557302782,7,True,256,0.0031724396219823575,0.048260029405355453,6.805139034986496,7.437826693058014,3
15,15,9,17,2,3,0.12433025425266589,7,True,256,0.0031723147566725222,0.05047322437167168,7.29193389415741,7.766914367675781,3
16,17,24,9,1,3,0.15737080003896145,7,True,64,0.002988631299792743,0.05026398226618767,7.234267890453339,7.876768708229065,3
17,11,21,24,2,6,0.12523944608605286,9,True,32,0.0023469297324705085,0.07610150426626205,12.163224816322327,12.226488441228867,3
18,24,29,17,2,3,0.2514339414137907,6,True,128,0.004993367193677636,0.04842887073755264,6.750597059726715,7.435771822929382,3
19,25,31,12,1,3,0.24061818678528354,7,True,128,0.004919684745409554,0.048540279269218445,6.8096257746219635,7.463902235031128,3
0,21,26,19,1,8,0.05522404291529898,10,False,64,0.0015649090391702987,0.06785371899604797,11.034978181123734,11.154985427856445,4
1,10,28,32,3,7,0.044553068416966865,10,True,128,0.003922217053719758,0.050583865493535995,8.034312725067139,8.23642984032631,4
2,24,13,21,3,2,0.2286018049852191,6,False,64,0.0028556805202781654,0.048103418201208115,7.130333781242371,7.893079519271851,4
3,1,2,17,2,7,0.006546957533301767,8,True,128,0.0020217827401630035,0.051790911704301834,8.222024887800217,8.445733785629272,4
4,27,20,14,1,3,0.12701013350634047,6,True,128,0.003098168317433293,0.0474388524889946,6.888016313314438,7.546107470989227,4
5,20,6,30,1,7,0.04742258009910783,6,True,256,0.001889026640892955,0.04749443754553795,7.000826299190521,7.597654312849045,4
6,6,15,25,1,5,0.11279350230107205,9,True,128,0.0031172459557678757,0.04906972870230675,7.36570730805397,7.8806377947330475,4
7,29,18,17,2,4,0.1808637365439861,9,False,64,0.003134746657864692,0.04725603759288788,6.8544186651706696,7.528173178434372,4
8,11,7,13,2,7,0.05729502374329321,9,False,32,0.004681884101092597,0.06664241850376129,9.397393465042114,10.073982179164886,4
9,2,8,28,3,8,0.27124884642965663,10,True,32,0.004502005154584209,0.08124998211860657,12.996470928192139,12.538100779056549,4
10,31,19,8,2,4,0.2030885956082324,8,False,64,0.003669749529062346,0.06579481810331345,9.781941026449203,9.178607910871506,4
11,31,22,13,1,3,0.1462015926224488,7,False,256,0.0025969001868568157,0.04776177927851677,6.935121864080429,7.513279467821121,4
12,26,21,14,2,4,0.18526993617843004,7,True,64,0.0034632489471974636,0.047547172755002975,7.04553946852684,7.568987458944321,4
13,27,31,9,1,2,0.12457763881233731,9,False,128,0.0023963376378868862,0.04751860722899437,6.835658103227615,7.55404606461525,4
14,17,17,23,2,4,0.17333121069145102,7,True,64,0.004154752632044969,0.05047040432691574,7.624548673629761,8.134512603282928,4
15,28,12,16,1,3,0.09752791219107976,8,False,128,0.003373698033012795,0.06255722790956497,11.395466327667236,11.271975189447403,4
16,23,24,11,2,5,0.24566182781406287,6,False,256,0.0029531732288583775,0.047472428530454636,6.915246695280075,7.538033276796341,4
17,18,18,18,1,3,0.29242773156198537,9,True,32,0.0010862585868966308,0.06790728867053986,10.797203332185745,9.966567903757095,4
18,13,13,21,2,5,0.15217790776901394,8,False,128,0.002354670906768788,0.05061967670917511,7.748004794120789,8.243383467197418,4
19,28,21,15,3,6,0.21352548123435572,7,True,64,0.004192778811210078,0.05445421114563942,8.22603777050972,8.260656893253326,4
0,31,20,14,2,4,0.08051619949645548,6,False,128,0.002576447523091466,0.047543201595544815,7.252015173435211,7.657492905855179,5
1,27,20,30,2,5,0.27741228763894565,7,True,256,0.0015339006495138925,0.04697157070040703,6.8692997097969055,7.443144917488098,5
2,13,31,21,3,3,0.1827298414646921,6,False,128,0.002347566545806713,0.04696197807788849,6.939801573753357,7.562573254108429,5
3,18,13,11,2,6,0.07604216413445415,6,False,128,0.0014858375497236733,0.04710248485207558,7.006211578845978,7.771681994199753,5
4,15,19,23,1,7,0.012549623075760963,6,False,32,0.004259671638306437,0.07008516788482666,11.988895386457443,12.18053326010704,5
5,22,8,29,3,2,0.22513550352607614,8,True,32,0.001477923940713492,0.04528152197599411,6.742226332426071,7.252424955368042,5
6,19,14,27,1,3,0.07779871437131299,6,False,128,0.00305594566095697,0.04664678871631622,6.890974193811417,7.556743174791336,5
7,8,18,9,1,3,0.06028453106658975,7,True,256,0.0036667173101882946,0.04654712975025177,6.7741066217422485,7.440274953842163,5
8,2,8,22,1,8,0.02379819001996113,10,True,256,0.0025378220319259917,0.04907093197107315,7.537650316953659,7.9437777400016785,5
9,8,2,13,1,8,0.022903095564882868,7,True,32,0.0013402119541865343,0.09585800766944885,18.047071993350983,15.809117257595062,5
10,24,1,32,3,2,0.24164056728274394,9,True,64,0.001947870109013104,0.04883580282330513,7.50897079706192,7.900162786245346,5
11,8,26,8,3,2,0.18190680490019046,8,True,32,0.003661508852634713,0.057869866490364075,8.32555741071701,8.562851697206497,5
12,1,8,17,3,4,0.13621182862422954,8,True,256,0.004729873127603186,0.047880012542009354,7.13401734828949,7.595971971750259,5
13,9,9,25,1,2,0.2292510668946941,9,True,64,0.0034276680846153707,0.051027484238147736,8.213703334331512,8.557242900133133,5
14,22,25,18,3,3,0.13313804498343718,7,True,32,0.003967062201561379,0.0731915682554245,11.264102905988693,11.716937273740768,5
15,12,13,26,1,4,0.2892934615012661,9,True,256,0.0010442121688964236,0.046780236065387726,6.816504150629044,7.388690114021301,5
16,4,6,8,3,5,0.18013419545502926,8,True,256,0.004997939616273521,0.046423569321632385,6.830382347106934,7.5217776000499725,5
17,4,5,17,3,6,0.20336198070050376,8,True,32,0.004640270599975458,0.055094748735427856,8.69608148932457,8.58122706413269,5
18,22,4,29,3,5,0.2509465242970722,10,True,64,0.002030400947255964,0.04940379038453102,7.631625235080719,8.06334987282753,5
19,28,11,14,3,6,0.1650650299234276,9,True,256,0.0032074415844423735,0.04797741398215294,7.239408791065216,8.069389313459396,5
0,14,16,9,1,5,0.023934152102422744,9,False,256,0.0023655745487525274,0.04580988734960556,6.9383107125759125,7.496579736471176,6
1,6,22,16,2,6,0.13803203749022255,9,False,128,0.004466724277308855,0.04575713351368904,6.967154145240784,7.659482955932617,6
2,25,15,11,2,5,0.1794734407752348,9,True,256,0.0011490842156433945,0.046038880944252014,6.956798583269119,7.5000956654548645,6
3,13,26,30,1,5,0.29091366925748163,6,True,32,0.004653299936262302,0.08111804723739624,14.046257734298706,13.92102837562561,6
4,15,23,16,1,8,0.17889145956683244,6,True,128,0.0035142118038249638,0.045293178409338,6.87912255525589,7.3570989072322845,6
5,21,17,29,3,6,0.00825193979221891,10,False,128,0.004470606436887086,0.046548210084438324,7.092652469873428,7.736966758966446,6
6,21,12,28,2,6,0.17737936816847563,7,True,64,0.0032295062878318222,0.0424758605659008,6.83496817946434,6.975430995225906,6
7,4,27,16,3,2,0.1816724630369732,8,False,128,0.00332193624499867,0.04630732163786888,7.166048139333725,7.620932906866074,6
8,2,25,23,1,3,0.1405042550295517,9,False,64,0.0030874661837736826,0.04574301093816757,7.106734812259674,7.61936753988266,6
9,23,3,10,3,2,0.12947851273149188,6,True,32,0.0035763356307353094,0.0467413030564785,7.345022261142731,7.551826536655426,6
10,29,6,25,2,8,0.26758484132905114,7,True,64,0.0020971058380804606,0.04837728664278984,7.714793086051941,8.05915743112564,6
11,18,10,19,1,8,0.23947136240264888,7,True,64,0.003878626828543968,0.04604671895503998,6.946951150894165,7.480444014072418,6
12,10,11,24,2,7,0.08153286538577317,7,True,64,0.0024171275096392638,0.07844547182321548,12.80721127986908,11.090376228094101,6
13,17,31,16,2,7,0.21134727749478632,6,True,128,0.003892580635922231,0.04517127573490143,6.787683814764023,7.390255481004715,6
14,31,29,32,2,6,0.23695989411822288,7,True,128,0.0039674187717015415,0.04554973542690277,6.818675994873047,7.35921636223793,6
15,19,20,20,2,4,0.2235932693984482,8,True,64,0.004937161857150558,0.048759009689092636,7.959524542093277,8.307606726884842,6
16,26,31,27,2,7,0.09494177323509641,6,True,256,0.0027595125345106952,0.045118387788534164,6.8828389048576355,7.542288303375244,6
17,26,11,28,2,7,0.07469335013136218,7,True,256,0.002743090305759247,0.04487156495451927,6.744710355997086,7.351212948560715,6
18,27,10,27,2,4,0.052390495381302596,8,True,256,0.0016415223051348229,0.045359984040260315,6.8901024758815765,7.410048693418503,6
19,22,1,32,2,7,0.10312432028214753,7,True,256,0.0028802616066653302,0.04568544030189514,6.969419866800308,7.651858776807785,6
0,4,1,21,2,5,0.0602641583350795,8,True,256,0.0025927063538909497,0.044084582477808,6.936710327863693,7.4548982083797455,7
1,27,7,20,3,5,0.08837801051935307,6,False,256,0.0015430213630448556,0.04396243020892143,6.877557933330536,7.392217963933945,7
2,9,21,28,2,7,0.10966400861398835,7,True,256,0.002017140943981339,0.04351092502474785,6.852336972951889,7.539744675159454,7
3,8,9,32,1,4,0.25019438605030847,8,False,64,0.0021947760297612627,0.07151831686496735,14.225578308105469,13.237462937831879,7
4,6,8,10,3,3,0.1879562218764739,6,True,256,0.004478732476807789,0.04402998834848404,7.0039235055446625,7.71145299077034,7
5,22,30,8,3,3,0.05984941425153257,8,True,64,0.003125294358953587,0.13114455342292786,27.986937761306763,21.35230153799057,7
6,3,5,20,3,2,0.21592000429586455,10,True,256,0.002655141846167201,0.04443801939487457,7.214388996362686,7.9674214124679565,7
7,27,13,9,3,2,0.1352965419832011,8,True,32,0.004942480390410359,0.07268092036247253,11.896981298923492,11.628104746341705,7
8,8,23,23,2,7,0.06779315327081128,7,True,64,0.001594217921106135,0.05075406655669212,9.04778316617012,9.154223650693893,7
9,2,13,8,2,5,0.15047664812926972,10,True,128,0.0038316620868904796,0.04604174196720123,7.5117312371730804,8.150649070739746,7
10,16,21,32,1,8,0.2988593805376378,7,False,32,0.001096368703099142,0.06779973208904266,12.339986860752106,11.41076609492302,7
11,15,20,25,2,7,0.11348619383228921,6,False,256,0.0017771161961896995,0.044214311987161636,7.05251470208168,7.752922177314758,7
12,30,27,15,3,6,0.0026809107947889516,6,False,256,0.001117915215615548,0.04378404840826988,6.865701824426651,7.405024021863937,7
13,31,29,14,2,7,0.000631860245090769,7,False,128,0.001051271933500028,0.05899369716644287,11.23906522989273,11.026996374130249,7
14,12,25,15,1,6,0.012481785213120624,7,False,256,0.0021023469633600638,0.04565303772687912,7.39554762840271,7.790207862854004,7
15,21,17,28,3,8,0.035048995584886916,9,False,256,0.0033455466060576936,0.043839212507009506,6.9393590092659,7.3869481682777405,7
16,11,26,15,2,6,0.1714618931898527,6,True,256,0.0020137186456450984,0.043838463723659515,6.862281262874603,7.453172653913498,7
17,20,18,27,3,6,0.10747072590844192,7,False,32,0.0012594148965069888,0.056575875729322433,9.79086384177208,9.468082338571548,7
18,31,26,12,2,7,0.026349558514027552,6,True,128,0.002372935006430048,0.05217995122075081,8.855551481246948,9.108233451843262,7
19,12,31,17,1,6,0.24936342518736093,7,False,256,0.0015231786804125588,0.04380517452955246,6.800039857625961,7.406964898109436,7
0,24,6,22,3,6,0.11290657892777041,10,False,128,0.004425882370683208,0.042368460446596146,6.819627434015274,7.4067264795303345,8
1,22,29,14,3,4,0.21908268865503633,8,True,64,0.0015019593465387428,0.04142676666378975,6.473423540592194,6.912770122289658,8
2,16,19,23,3,7,0.07365231773522363,6,False,32,0.0037510524525028307,0.04677245020866394,7.383956760168076,7.1404241025447845,8
3,11,15,10,1,6,0.22849911155881664,10,True,128,0.0034235249767039008,0.049236465245485306,8.141926676034927,8.394191414117813,8
4,14,18,17,2,8,0.01903356890765141,9,False,256,0.0013083677558408905,0.0414869487285614,6.491300463676453,6.951799988746643,8
5,20,31,18,1,2,0.008885600083172107,10,False,32,0.004205047415847514,0.06789934635162354,12.025552242994308,11.825644969940186,8
6,25,2,29,3,2,0.12382712990984214,9,True,256,0.001385356449619684,0.04154962673783302,6.5021708607673645,6.875269860029221,8
7,21,28,15,1,5,0.18335331363764706,8,True,64,0.001224153701542254,0.04626687988638878,8.112403005361557,8.197926729917526,8
8,19,20,15,1,6,0.04390944374107877,10,True,32,0.00365958067591072,0.08359464257955551,16.007116436958313,14.90987092256546,8
9,17,9,13,3,7,0.15730758283598834,8,False,32,0.004055399599667579,0.06355029344558716,9.052195399999619,8.876196295022964,8
10,4,26,31,2,4,0.2952642146558885,6,True,64,0.0023658828065547693,0.04643126577138901,8.034127205610275,8.345223218202591,8
11,10,23,8,2,4,0.2309628548938091,7,False,256,0.0021195466094960057,0.041372448205947876,6.405001133680344,6.819017231464386,8
12,31,23,8,2,4,0.2429460962511769,7,True,64,0.0023343284850883667,0.054660700261592865,8.749964833259583,8.10796394944191,8
13,7,31,11,2,3,0.2186476286154309,7,False,256,0.002141482512224522,0.041297681629657745,6.44129142165184,6.888338178396225,8
14,6,24,10,2,3,0.2966642378805695,7,False,256,0.002400751416097952,0.0421617366373539,6.835860013961792,7.462281733751297,8
15,1,13,8,2,3,0.19034109168887425,7,False,256,0.002888657495399258,0.041166771203279495,6.433930993080139,6.857915222644806,8
16,2,13,11,2,3,0.1818364174389492,7,False,256,0.0049287594717380805,0.04136350005865097,6.472928076982498,6.949656456708908,8
17,6,11,20,2,3,0.2611480760441035,6,False,256,0.0029443343123789875,0.04147835448384285,6.437839567661285,6.906189024448395,8
18,1,7,25,2,2,0.19718940432497378,7,False,256,0.002827568233773055,0.041858773678541183,6.603299826383591,6.936608999967575,8
19,9,15,12,2,5,0.14430418121027921,9,False,256,0.0018710914877926252,0.04137911647558212,6.418725103139877,6.820780038833618,8
0,9,2,19,1,5,0.24522184023583807,10,True,64,0.0017257731354151967,0.04012031480669975,6.2319885939359665,6.51768296957016,9
1,24,7,20,2,6,0.2897601999528756,7,False,128,0.0032661167944511476,0.03985147178173065,6.169511005282402,6.604277342557907,9
2,24,24,26,1,8,0.22616780538749884,7,False,32,0.0018310261869792532,0.04039910435676575,6.364072114229202,6.519574671983719,9
3,22,8,21,1,6,0.2980567595036028,6,True,64,0.0016471879682146424,0.043571241199970245,7.191653549671173,7.291120290756226,9
4,26,28,14,1,7,0.18918927986240627,7,True,128,0.002629633060042341,0.03911583870649338,5.879611521959305,6.229408085346222,9
5,3,12,21,1,8,0.02479430165145987,7,True,128,0.0035984532329744645,0.03943793103098869,5.988328531384468,6.375250220298767,9
6,22,11,20,3,7,0.2474591867338497,9,False,32,0.0032472148614729997,0.060937441885471344,9.799151122570038,9.259262681007385,9
7,25,14,26,3,7,0.2791930806410381,10,True,64,0.0024493215830412533,0.04106244817376137,6.428198516368866,6.6969141364097595,9
8,6,22,26,3,2,0.12695438356283062,9,True,64,0.004117926595066346,0.042183466255664825,6.715194880962372,6.914682686328888,9
9,8,20,15,2,5,0.26734356743391724,6,True,32,0.0036754377675296207,0.060603298246860504,9.878766536712646,9.337348490953445,9
10,31,31,8,1,3,0.15820105727338973,8,False,256,0.004790325497783302,0.03943467140197754,5.946718156337738,6.330366432666779,9
11,31,30,8,1,3,0.1524053525110044,8,False,256,0.004927949842041952,0.03944744914770126,5.938635766506195,6.31822943687439,9
12,31,31,8,1,3,0.16343693261754927,8,False,256,0.002601639523361995,0.039674289524555206,6.028547883033752,6.441286206245422,9
13,14,27,13,1,4,0.09441744005881066,8,False,256,0.00469226026111084,0.03973329812288284,5.97669817507267,6.276855617761612,9
14,17,18,12,1,2,0.196314730152125,7,True,128,0.002519044680688794,0.040031444281339645,6.087253987789154,6.3515909016132355,9
15,29,26,32,2,4,0.08860200147716946,9,False,256,0.0011887282654789695,0.03930797055363655,6.028116121888161,6.414474546909332,9
16,28,25,29,2,4,0.0684927478216334,9,False,128,0.0014301737774280348,0.04136739298701286,6.489262729883194,6.676924973726273,9
17,18,26,31,2,6,0.015339212240985639,9,True,128,0.001005163085817373,0.0459555946290493,7.87665918469429,7.954243570566177,9
18,27,17,17,2,4,0.09643625845532802,10,False,256,0.0021061721808584575,0.04023230820894241,6.1177462339401245,6.379108875989914,9
19,20,28,32,2,7,0.20201033018519424,6,True,128,0.0010174601867235632,0.039549559354782104,5.9548236429691315,6.289893388748169,9
0,31,27,27,3,3,0.1995124212254461,8,True,128,0.0033655087355316613,0.03770069777965546,5.529069155454636,5.769262835383415,10
1,2,16,23,3,7,0.08701737652002697,7,False,32,0.0028488037100006256,0.043879881501197815,6.593378633260727,6.46902397274971,10
2,9,6,18,2,6,0.2560495396733051,10,False,256,0.004093438779669915,0.03688947483897209,5.357474833726883,5.606232210993767,10
3,5,19,21,3,8,0.055170577099089436,10,False,128,0.0032138696398767473,0.03769931197166443,5.434386804699898,5.615208297967911,10
4,31,10,11,2,8,0.2862493269659907,7,False,64,0.002327202487993868,0.037266045808792114,5.369172245264053,5.643803253769875,10
5,23,17,28,3,4,0.051863510390298524,8,True,256,0.0012792618391897145,0.03720169886946678,5.353762581944466,5.512505024671555,10
6,8,26,26,3,8,0.20418388018478537,7,False,32,0.00413818757283506,0.047570597380399704,7.383861392736435,7.194465398788452,10
7,3,17,21,2,3,0.28263569482958045,6,False,32,0.0014644421573590347,0.05447341501712799,7.751651108264923,7.446097582578659,10
8,18,15,18,1,6,0.13266651233817375,9,True,128,0.0027649970247937052,0.03743741288781166,5.4155100136995316,5.52777424454689,10
9,29,4,16,1,3,0.04950623414951163,8,True,64,0.0016792598474497226,0.041578393429517746,6.6978394985198975,6.646110117435455,10
10,12,1,32,2,5,0.20551613619118736,10,False,256,0.00498908255311456,0.04237204045057297,6.842292845249176,7.3280759155750275,10
11,20,9,13,2,5,0.1305073480569441,9,True,256,0.0010084299302496446,0.036440521478652954,5.1582034677267075,5.387890711426735,10
12,17,7,12,2,5,0.14719698229837805,9,True,256,0.004123159637584557,0.03678366541862488,5.181759223341942,5.350036174058914,10
13,21,10,8,2,5,0.13538089452410715,9,True,256,0.004072108555840434,0.03654639050364494,5.146309733390808,5.337950959801674,10
14,23,11,8,2,4,0.1097109509605283,9,True,256,0.0020344928568249094,0.036608029156923294,5.2459172904491425,5.497109889984131,10
15,24,11,8,2,6,0.008949082066656372,9,True,256,0.004852677067828207,0.040761593729257584,6.405756622552872,6.399981677532196,10
16,14,23,13,2,2,0.1739184792245449,9,True,256,0.0035909642525533796,0.03706036135554314,5.3260259330272675,5.581463873386383,10
17,19,1,14,1,4,0.1106533136087164,10,True,256,0.002353031843015943,0.03685672581195831,5.230623856186867,5.418106913566589,10
18,26,9,10,2,5,0.23891368982367786,8,True,64,0.003746804833662034,0.03766190633177757,5.4588861763477325,5.57575561106205,10
19,20,14,16,2,7,0.16880936307052755,9,True,256,0.004415233304994873,0.03685895726084709,5.243159085512161,5.478503182530403,10
0,25,17,32,1,7,0.17745190968414556,6,False,128,0.0010744919515935508,0.03513595461845398,4.8832181841135025,5.074641481041908,11
1,8,18,16,3,4,0.05360464678448119,10,True,32,0.004614724352756637,0.0459880605340004,6.132012605667114,6.265657395124435,11
2,29,8,29,1,8,0.2899298452191095,6,False,128,0.0010604519489534484,0.034911271184682846,4.7978851944208145,4.9103256314992905,11
3,11,2,26,3,8,0.04512377283805336,8,False,64,0.004312364266090812,0.03607236221432686,5.14085553586483,5.201377347111702,11
4,2,24,23,1,3,0.22552026580075907,10,True,128,0.004525629167997804,0.03504069522023201,4.787497594952583,4.95886355638504,11
5,5,18,12,2,2,0.023610603295383715,7,True,64,0.0015263353879071194,0.03793573006987572,5.607767030596733,5.536338686943054,11
6,15,17,10,1,2,0.18072640448681945,7,True,128,0.0024389052885034233,0.034741319715976715,4.777071624994278,4.949047043919563,11
7,22,16,20,3,8,0.06465666180890882,6,False,256,0.0031468416493886735,0.035605691373348236,4.917978122830391,5.033781751990318,11
8,13,13,23,1,6,0.18903571519417708,9,True,32,0.0017575656633162763,0.04405748099088669,6.176238507032394,6.245741993188858,11
9,20,26,19,1,4,0.05912594677817044,6,True,128,0.004905013270114212,0.034458551555871964,4.706370085477829,4.86731231212616,11
10,20,29,16,2,5,0.11201949382976936,8,True,256,0.003640854751027228,0.034770894795656204,4.762516543269157,4.889042675495148,11
11,16,25,8,1,2,0.10485996496773009,7,True,128,0.0023505838137843384,0.035657983273267746,4.960014671087265,5.054505914449692,11
12,18,24,8,1,4,0.12741656206093277,7,True,128,0.0024584062451124965,0.035607606172561646,4.921792820096016,5.0214264541864395,11
13,25,31,15,1,3,0.24184674098156914,7,True,128,0.0035485687253433745,0.03549228981137276,5.037558823823929,5.273576080799103,11
14,14,11,12,1,4,0.005840256892362838,6,True,128,0.0026201817696032124,0.03740019351243973,5.5359140038490295,5.5513884872198105,11
15,9,22,21,2,3,0.16325917158964737,7,True,128,0.004004803345188757,0.034589026123285294,4.743245616555214,4.904564097523689,11
16,9,22,19,2,5,0.07965744476255805,8,True,64,0.004937718186518732,0.03728311136364937,5.4644424468278885,5.373765528202057,11
17,5,29,23,2,3,0.13785378217080685,9,True,256,0.00396110668900669,0.034884437918663025,4.784941673278809,4.9688562750816345,11
18,30,21,21,2,6,0.15399176559598388,6,False,32,0.00402285370467409,0.05245763435959816,7.595764100551605,7.4565500020980835,11
19,23,27,26,2,4,0.09224572903631867,8,True,128,0.004935526051095254,0.03890092298388481,5.900351703166962,5.892481282353401,11
0,10,14,24,3,3,0.22366683540737525,7,False,128,0.002800470974630936,0.033135488629341125,4.427170008420944,4.495393484830856,12
1,16,12,22,3,2,0.12055522340673296,7,True,256,0.0038408855003818207,0.03527511656284332,4.981446266174316,4.977685213088989,12
2,2,20,23,1,8,0.2773488774083276,7,False,128,0.0026025355199837076,0.03275201842188835,4.3254304677248,4.435719549655914,12
3,20,12,18,1,3,0.01275605227426665,6,False,32,0.004763049029887596,0.05493180826306343,7.789738476276398,7.789599895477295,12
4,16,28,10,1,6,0.19347405456732442,10,True,256,0.002265970938599031,0.0334831140935421,4.606877639889717,4.649166390299797,12
5,17,28,12,2,4,0.1031055972066106,10,False,128,0.003719278549451522,0.035897109657526016,5.085659772157669,5.114293098449707,12
6,1,19,11,2,8,0.27019659046626165,10,False,256,0.0026047946480993837,0.032981108874082565,4.408123716711998,4.523835331201553,12
7,6,31,14,2,6,0.2647450505494119,10,True,128,0.0010222464786052133,0.03283511847257614,4.450703784823418,4.586068540811539,12
8,20,26,8,1,5,0.05155447992904568,8,False,128,0.0010197096363235042,0.03286604583263397,4.389636963605881,4.542833939194679,12
9,16,23,22,1,6,0.02429162642711171,6,False,256,0.0012363651769036975,0.032930679619312286,4.51003722846508,4.581981897354126,12
10,31,3,32,1,8,0.16302217559171106,8,True,64,0.0017911370741262793,0.03249218687415123,4.3410684913396835,4.4663067907094955,12
11,30,2,31,1,8,0.1808257300552081,8,True,64,0.001980779853764622,0.038837533444166183,6.115715578198433,6.014368683099747,12
12,30,2,32,1,8,0.29623094826465124,7,True,64,0.00181406041957309,0.03707152232527733,5.567777529358864,5.518046393990517,12
13,24,8,27,1,7,0.14400255310345988,9,True,64,0.0031835099986227064,0.03624100610613823,5.124408379197121,5.113526806235313,12
14,9,20,29,1,7,0.22135840394915113,9,False,32,0.001589862873841123,0.03489089757204056,4.957808181643486,4.918300360441208,12
15,1,6,17,3,7,0.09938137652879875,8,True,64,0.003351638149202883,0.03333500027656555,4.510480165481567,4.558254033327103,12
16,25,17,27,1,8,0.06590167905476133,7,True,128,0.0023662584870552186,0.03289328143000603,4.4257160276174545,4.492628201842308,12
17,11,7,25,1,5,0.16585867666203938,9,False,64,0.0044908787721603515,0.0330943800508976,4.5123521238565445,4.66286763548851,12
18,5,23,18,2,7,0.22140131765988286,6,False,32,0.0015542712927807448,0.03404958173632622,4.571068286895752,4.698711633682251,12
19,26,11,29,3,6,0.26410071651706896,7,True,64,0.0020898444692308586,0.033028967678546906,4.4171784073114395,4.510196298360825,12
0,9,17,8,3,7,0.19597277290470963,8,False,256,0.004404708936828093,0.030918078497052193,4.008952900767326,4.098881036043167,13
1,20,23,21,1,5,0.0033189024919411,8,False,128,0.002563249572154855,0.03953952714800835,6.105422601103783,5.981028825044632,13
2,10,23,18,2,7,0.20826422648492748,8,True,32,0.0037788944709911893,0.051333677023649216,7.382191717624664,7.202216237783432,13
3,4,13,26,2,8,0.25589537835369824,6,False,32,0.0038714911440942985,0.03124765120446682,4.46622334420681,4.431545361876488,13
4,26,15,18,3,2,0.05078675108542147,10,False,128,0.0019066782705500272,0.03147919848561287,4.14736233651638,4.264909029006958,13
5,24,28,12,1,8,0.2547341362996399,7,True,256,0.002965400126406388,0.031233221292495728,4.023219272494316,4.086481407284737,13
6,5,30,19,3,3,0.08837507604631487,10,True,128,0.0012499101165846537,0.031454842537641525,4.098053276538849,4.14656437933445,13
7,4,7,31,2,2,0.012442615870449947,10,True,32,0.001712798439258029,0.044039007276296616,6.633950024843216,6.556596606969833,13
8,4,26,17,2,4,0.1963176827027003,9,True,32,0.0011046063318100434,0.031553715467453,4.08032052218914,4.19190339744091,13
9,14,6,30,2,8,0.07448136925029376,6,True,128,0.003189142220704,0.03101986274123192,4.017453640699387,4.113051667809486,13
10,31,20,8,3,6,0.16416721990120328,7,False,256,0.00486129166988076,0.03400763124227524,4.657140746712685,4.665010794997215,13
11,13,2,32,3,7,0.10422597211965594,6,False,64,0.004955403854135452,0.03109728731215,4.034275561571121,4.143904522061348,13
12,15,10,25,3,6,0.1216619813970852,7,False,256,0.00390046248878539,0.031143581494688988,4.042375460267067,4.11057211458683,13
13,10,4,13,2,8,0.29923116171553965,9,True,64,0.0042826512422842345,0.03234649822115898,4.332658275961876,4.353905841708183,13
14,19,18,27,1,7,0.15561551047244127,6,True,128,0.003319140272210543,0.03099687211215496,4.12546843290329,4.243510589003563,13
15,19,19,24,1,6,0.16134194691277667,9,False,256,0.00441314029046085,0.031098071485757828,4.006052762269974,4.092705249786377,13
16,9,19,28,1,5,0.20487108803406065,7,False,256,0.0032441198992573797,0.031380485743284225,4.0848661214113235,4.15818877518177,13
17,19,12,22,1,7,0.14433868136482608,8,True,128,0.0026004188826141764,0.032387625426054,4.312092065811157,4.347697272896767,13
18,1,16,8,3,7,0.2527396698139899,6,True,64,0.0035152103250555744,0.03222766891121864,4.317351058125496,4.4764745980501175,13
19,24,23,15,1,4,0.17850320294373564,7,False,128,0.0043168168367749855,0.03144998848438263,4.304451122879982,4.404211789369583,13
0,13,16,19,3,7,0.18428281988991896,6,True,128,0.0024104576607944083,0.03198358789086342,4.489348456263542,4.499291256070137,14
1,27,24,26,2,7,0.05256861782478339,10,True,128,0.00166946643369592,0.030734863132238388,3.9553631097078323,3.988289088010788,14
2,9,5,17,1,3,0.18651007219224927,6,True,64,0.0031124777619385064,0.030316006392240524,3.928513079881668,3.979181870818138,14
3,24,4,21,1,7,0.23883979731640445,9,False,128,0.003547678680215194,0.0371362566947937,5.703388527035713,5.58469258248806,14
4,8,4,13,1,2,0.02571608777305766,6,True,64,0.003586088891619283,0.031087538227438927,4.060069099068642,4.088908061385155,14
5,22,14,14,3,3,0.2828913728132517,6,True,128,0.003909429807790911,0.03013288415968418,3.8428738713264465,3.9358995854854584,14
6,2,14,28,2,8,0.23074413095739216,7,True,256,0.004301834759861067,0.030244752764701843,3.858117386698723,3.927745670080185,14
7,13,14,12,1,6,0.06452411404881005,7,True,64,0.0028323901251422834,0.033124636858701706,4.661376774311066,4.622567817568779,14
8,8,31,14,1,7,0.2875416965134714,9,True,256,0.0018255520642114682,0.03075052984058857,4.029572382569313,4.155420139431953,14
9,22,29,20,1,8,0.07942009508740759,10,True,64,0.0016979379258429822,0.030921265482902527,4.141464084386826,4.187137261033058,14
10,29,22,9,3,4,0.12360083556317181,8,False,32,0.004948271433652331,0.04111478850245476,5.649043992161751,5.530001595616341,14
11,1,11,32,2,5,0.2981452297886818,7,False,256,0.004602112465732872,0.030297791585326195,3.9042409509420395,4.0130700916051865,14
12,19,10,26,3,4,0.23924387389376572,7,True,256,0.004166587001233227,0.030454076826572418,4.026484116911888,4.148870334029198,14
13,1,21,31,2,2,0.22617259746278667,7,True,32,0.004099377763051827,0.030746033415198326,4.006520658731461,4.069969058036804,14
14,19,10,25,3,5,0.2630736764236622,8,False,128,0.004049680799433423,0.0303117036819458,3.84584479033947,3.924424573779106,14
15,15,16,9,2,3,0.196620196295571,6,True,256,0.001011050449642116,0.030231337994337082,3.831714764237404,3.903820365667343,14
16,16,19,8,3,3,0.13817719711116588,6,True,256,0.0010756521725937347,0.030110273510217667,3.8437701761722565,3.9329461753368378,14
17,20,21,8,3,3,0.13261830846011632,6,True,128,0.0010900971442421477,0.030144911259412766,3.84114608168602,3.9315853267908096,14
18,31,26,15,3,4,0.09753463329613515,8,False,32,0.0024281154625114113,0.047809407114982605,6.656571477651596,6.487757712602615,14
19,23,19,11,3,2,0.1494995882463457,6,True,256,0.003512989577794318,0.030143415555357933,3.8321971893310547,3.9150524884462357,14
0,5,26,26,1,8,0.28799648947272116,10,False,64,0.0013032306058943619,0.029921377077698708,3.8312040269374847,3.909936174750328,15
1,26,8,21,3,5,0.16297996550381558,10,False,32,0.00406169037022957,0.03229077532887459,4.308513924479485,4.302731156349182,15
2,18,17,15,3,7,0.026377213394422172,8,False,32,0.001420447381381074,0.032639384269714355,4.567642509937286,4.539838433265686,15
3,13,24,18,1,6,0.15074162810421993,8,True,32,0.0029093014260658644,0.03718768060207367,4.768630117177963,4.787346720695496,15
4,3,8,19,3,4,0.0750479556102422,7,True,256,0.00291111544661475,0.02955307997763157,3.721020743250847,3.7672702223062515,15
5,7,11,31,1,5,0.12502906247954748,7,True,256,0.002439777340425414,0.029418792575597763,3.7260454148054123,3.8034964352846146,15
6,23,18,13,3,7,0.29747051893565757,10,True,256,0.0031505190027801963,0.029174700379371643,3.667106106877327,3.741290792822838,15
7,19,7,18,3,4,0.09404410657930284,8,True,256,0.0028503956418229606,0.029397087171673775,3.727106750011444,3.766002506017685,15
8,8,18,11,2,5,0.040490974421187875,8,False,64,0.0017277600423901245,0.031952306628227234,4.438979551196098,4.3794602155685425,15
9,1,16,15,2,5,0.22985350895432013,6,True,128,0.004140078664701325,0.029086709022521973,3.6896836012601852,3.7375401705503464,15
10,12,1,8,2,2,0.22019522963000976,6,True,128,0.004882653641284541,0.029270386323332787,3.6979027092456818,3.779356926679611,15
11,30,21,13,2,8,0.2998137254422196,9,True,128,0.0039073003454712825,0.029591994360089302,3.738599643111229,3.780117630958557,15
12,23,31,9,2,7,0.23267211372337054,6,True,128,0.0037762734690632545,0.029707567766308784,3.7316806614398956,3.825966641306877,15
13,22,13,14,3,3,0.2378858851783257,9,True,256,0.004597575593683069,0.029451042413711548,3.7120528519153595,3.750414401292801,15
14,14,14,22,2,6,0.19549616044622398,7,True,128,0.003498147625970356,0.029141679406166077,3.6508947610855103,3.698110580444336,15
15,1,14,25,2,6,0.19494989924267594,7,True,128,0.0034888136475034175,0.029499845579266548,3.7346206605434418,3.827909380197525,15
16,12,22,24,2,6,0.25409097403498876,6,True,128,0.004430276329053354,0.03041420876979828,3.9829105138778687,3.9979103952646255,15
17,9,3,30,2,4,0.18357785504457677,7,True,128,0.002189126082942157,0.029819604009389877,3.8063623011112213,3.8401108235120773,15
18,15,12,22,2,3,0.19995081956070335,6,False,128,0.0034721607686755696,0.03005502186715603,3.8990091532468796,3.956342115998268,15
19,31,28,16,2,6,0.26615321027864497,7,True,128,0.004207182538098599,0.029242342337965965,3.6845918744802475,3.761107847094536,15
0,16,28,31,1,3,0.19506876486124644,8,False,32,0.0035345406280519933,0.04126770421862602,5.39422482252121,5.203181877732277,16
1,25,4,10,1,4,0.1238728183730145,6,True,128,0.003194035337677422,0.028464000672101974,3.5677339881658554,3.642655909061432,16
2,2,1,25,1,3,0.07487478354074922,9,False,256,0.00249998720528452,0.02871965616941452,3.71241457760334,3.7962760776281357,16
3,21,20,8,2,7,0.052850913603646375,9,False,64,0.003038380211487225,0.036771297454833984,5.197835341095924,5.160278454422951,16
4,26,17,30,3,6,0.058630603980026896,9,True,32,0.004918431821891384,0.029534518718719482,3.688943013548851,3.7451431155204773,16
5,29,7,28,1,7,0.19780657927570403,7,True,128,0.00362445695166537,0.029054716229438782,3.7227462977170944,3.7379540503025055,16
6,12,17,14,1,7,0.22764008126302523,7,True,128,0.0031609806495508574,0.028768230229616165,3.7439532577991486,3.84659543633461,16
7,28,1,28,1,6,0.19101176037744302,6,True,256,0.004797305402930674,0.029938843101263046,3.9675988256931305,3.9523549377918243,16
8,15,11,10,2,8,0.15699800602464156,10,True,256,0.003716905296794536,0.02838609553873539,3.5219870507717133,3.562595322728157,16
9,13,28,22,1,4,0.25795650249664615,7,False,128,0.002038639607212165,0.028743233531713486,3.5706311464309692,3.6278940737247467,16
10,6,11,15,2,8,0.002484380659309837,10,True,256,0.0011025057995224258,0.028791943565011024,3.589528053998947,3.6368772387504578,16
11,22,8,8,2,5,0.12517627783265073,6,True,128,0.004092734342523098,0.02897859551012516,3.7007834762334824,3.8017649203538895,16
12,21,11,14,3,2,0.12825022294203275,10,True,64,0.0039443288613498296,0.032211918383836746,3.7853918969631195,3.898482769727707,16
13,12,6,11,2,5,0.15032854236435825,8,True,256,0.0023522816331505133,0.029019372537732124,3.6830853670835495,3.713802620768547,16
14,17,12,19,2,4,0.29222093992667564,10,True,128,0.004339143519925827,0.02904808335006237,3.6667875945568085,3.6973904818296432,16
15,31,4,18,3,8,0.10527517900712444,6,True,256,0.0016824255972896541,0.028691820800304413,3.59460711479187,3.647037222981453,16
16,8,22,11,2,4,0.16432280565919422,8,True,64,0.0027719220030808676,0.029066458344459534,3.7528716027736664,3.771308809518814,16
17,23,14,11,2,2,0.10759427229223104,9,True,32,0.003409100225917093,0.03224585950374603,4.0581051260232925,4.10282276570797,16
18,17,4,16,1,6,0.16975658386837045,7,False,128,0.004331330703132233,0.028427841141819954,3.5409267991781235,3.614981472492218,16
19,17,8,16,3,6,0.17313693583150908,7,False,256,0.00448284572113449,0.02902844175696373,3.637087345123291,3.6835651844739914,16
0,17,19,27,1,2,0.056328555987734064,8,True,32,0.004459712830077201,0.0485847108066082,6.924090534448624,6.8802110850811005,17
1,10,5,13,1,8,0.1724325840456664,7,True,64,0.002129081774932338,0.02912588231265545,3.7190645933151245,3.738812357187271,17
2,6,27,15,1,6,0.08152623156164197,7,False,32,0.0029257422993236837,0.045835018157958984,5.611198395490646,5.277689918875694,17
3,18,23,13,1,5,0.18240615631889426,10,True,32,0.0021646346874210406,0.0311442818492651,4.224834218621254,4.207820445299149,17
4,8,25,20,3,2,0.1818465449232378,10,True,64,0.002026559574991133,0.02872697077691555,3.6728445440530777,3.7186183035373688,17
5,1,22,20,2,7,0.28566412340316355,10,False,128,0.0030945582193461665,0.028554584830999374,3.6213237792253494,3.7087365984916687,17
6,10,21,8,3,6,0.25707884007539744,9,True,256,0.0031878224588361274,0.02866760827600956,3.61386202275753,3.6544349044561386,17
7,16,25,8,1,8,0.24924561378210205,10,True,64,0.003395762669282122,0.035423994064331055,4.3928112834692,4.513195902109146,17
8,5,1,20,1,4,0.08955970439101041,9,False,64,0.0034638187884963477,0.028878623619675636,3.7822529673576355,3.8737457245588303,17
9,20,21,14,3,8,0.12235613437902748,10,True,128,0.001433416772081288,0.02846640534698963,3.569311648607254,3.6135975271463394,17
10,28,14,31,3,4,0.01794858518882697,6,False,128,0.0010050961648222301,0.029110020026564598,3.7859249860048294,3.838706389069557,17
11,25,31,24,2,7,0.2998806517531314,9,False,128,0.001309687881605786,0.028131887316703796,3.4943990409374237,3.5367336124181747,17
12,26,13,25,2,7,0.1273434704225732,9,False,128,0.0011826873156995151,0.02845701389014721,3.5697530955076218,3.597625344991684,17
13,27,31,25,2,6,0.21368846186384338,9,False,128,0.0010994104200470968,0.028102705255150795,3.5314995795488358,3.5654060542583466,17
14,31,31,26,2,6,0.22521524505837048,8,False,128,0.0015558371768690633,0.028071830049157143,3.4886274486780167,3.5546045750379562,17
15,31,31,31,2,5,0.21509378937680526,8,False,256,0.001782956692359506,0.02800435945391655,3.5057034343481064,3.5675447434186935,17
16,31,28,32,2,4,0.2193847414032748,8,False,256,0.002528116044590978,0.028790820389986038,3.6472875624895096,3.670620918273926,17
17,22,8,29,2,5,0.22720506418103642,7,False,256,0.0016593024093212896,0.029282821342349052,3.734409809112549,3.747197613120079,17
18,31,29,29,2,3,0.14642558613983492,8,False,256,0.003897722848837133,0.028554515913128853,3.6373957991600037,3.726208209991455,17
19,22,17,23,2,5,0.2591336400946352,6,False,256,0.0017678026529844993,0.02983919531106949,4.0130238980054855,4.14305180311203,17
